Year,Aruba,Africa Eastern and Southern,Afghanistan,Africa Western and Central,Angola,Albania,Andorra,Arab World,United Arab Emirates,Argentina,Armenia,American Samoa,Antigua and Barbuda,Australia,Austria,Azerbaijan,Burundi,Belgium,Benin,Burkina Faso,Bangladesh,Bulgaria,Bahrain,"Bahamas, The",Bosnia and Herzegovina,Belarus,Belize,Bermuda,Bolivia,Brazil,Barbados,Brunei Darussalam,Bhutan,Botswana,Central African Republic,Canada,Central Europe and the Baltics,Switzerland,Channel Islands,Chile,China,Cote d'Ivoire,Cameroon,"Congo, Dem. Rep.","Congo, Rep.",Colombia,Comoros,Cabo Verde,Costa Rica,Caribbean small states,Cuba,Curacao,Cayman Islands,Cyprus,Czechia,Germany,Djibouti,Dominica,Denmark,Dominican Republic,Algeria,East Asia & Pacific (excluding high income),Early-demographic dividend,East Asia & Pacific,Europe & Central Asia (excluding high income),Europe & Central Asia,Ecuador,"Egypt, Arab Rep.",Euro area,Eritrea,Spain,Estonia,Ethiopia,European Union,Fragile and conflict affected situations,Finland,Fiji,France,Faroe Islands,"Micronesia, Fed. Sts.",Gabon,United Kingdom,Georgia,Ghana,Gibraltar,Guinea,"Gambia, The",Guinea-Bissau,Equatorial Guinea,Greece,Grenada,Greenland,Guatemala,Guam,Guyana,High income,"Hong Kong SAR, China",Honduras,Heavily indebted poor countries (HIPC),Croatia,Haiti,Hungary,IBRD only,IDA & IBRD total,IDA total,IDA blend,Indonesia,IDA only,Isle of Man,India,Not classified,Ireland,"Iran, Islamic Rep.",Iraq,Iceland,Israel,Italy,Jamaica,Jordan,Japan,Kazakhstan,Kenya,Kyrgyz Republic,Cambodia,Kiribati,St. Kitts and Nevis,"Korea, Rep.",Kuwait,Latin America & Caribbean (excluding high income),Lao PDR,Lebanon,Liberia,Libya,St. Lucia,Latin America & Caribbean,Least developed countries: UN classification,Low income,Liechtenstein,Sri Lanka,Lower middle income,Low & middle income,Lesotho,Late-demographic dividend,Lithuania,Luxembourg,Latvia,"Macao SAR, China",St. Martin (French part),Morocco,Monaco,Moldova,Madagascar,Maldives,Middle East & North Africa,Mexico,Marshall Islands,Middle income,North Macedonia,Mali,Malta,Myanmar,Middle East & North Africa (excluding high income),Montenegro,Mongolia,Northern Mariana Islands,Mozambique,Mauritania,Mauritius,Malawi,Malaysia,North America,Namibia,New Caledonia,Niger,Nigeria,Nicaragua,Netherlands,Norway,Nepal,Nauru,New Zealand,OECD members,Oman,Other small states,Pakistan,Panama,Peru,Philippines,Palau,Papua New Guinea,Poland,Pre-demographic dividend,Puerto Rico,"Korea, Dem. People's Rep.",Portugal,Paraguay,West Bank and Gaza,Pacific island small states,Post-demographic dividend,French Polynesia,Qatar,Romania,Russian Federation,Rwanda,South Asia,Saudi Arabia,Sudan,Senegal,Singapore,Solomon Islands,Sierra Leone,El Salvador,San Marino,Somalia,Serbia,Sub-Saharan Africa (excluding high income),South Sudan,Sub-Saharan Africa,Small states,Sao Tome and Principe,Suriname,Slovak Republic,Slovenia,Sweden,Eswatini,Sint Maarten (Dutch part),Seychelles,Syrian Arab Republic,Turks and Caicos Islands,Chad,East Asia & Pacific (IDA & IBRD countries),Europe & Central Asia (IDA & IBRD countries),Togo,Thailand,Tajikistan,Turkmenistan,Latin America & the Caribbean (IDA & IBRD countries),Timor-Leste,Middle East & North Africa (IDA & IBRD countries),Tonga,South Asia (IDA & IBRD),Sub-Saharan Africa (IDA & IBRD countries),Trinidad and Tobago,Tunisia,Turkiye,Tuvalu,Tanzania,Uganda,Ukraine,Upper middle income,Uruguay,United States,Uzbekistan,St. Vincent and the Grenadines,"Venezuela, RB",British Virgin Islands,Virgin Islands (U.S.),Viet Nam,Vanuatu,World,Samoa,Kosovo,"Yemen, Rep.",South Africa,Zambia,Zimbabwe
1960,,,,,,,,,,,,,,,,,,,,,,,,,,,,,,,,,,,,,,,,,,,,,,,,,,,,,,,,,,,,,,,,,,,,,,,,,,,,,,,,,,,,,,,,,,,,,,,,,,,,,,,,,,,,,,,,,,,,,,,,,,,,,,,,,,,,,,,,,,,,,,,,,,,,,,,,,,,,,,,,,,,,,,,,,,,,,,,,,,,,,,,,,,,,,,,,,,,,,,,,,,,,,,,,,,,,,,,,,,,,,,,,,,,,,,,,,,,,,,,,,,,,,,,,,,,,,,,,,,,,,,,,,,
1961,,,,,,,,,,,,,,,,,,,,,,,,,,,,,,,,,,,,,,,,,,,,,,,,,,,,,,,,,,,,,,,,,,,,,,,,,,,,,,,,,,,,,,,,,,,,,,,,,,,,,,,,,,,,,,,,,,,,,,,,,,,,,,,,,,,,,,,,,,,,,,,,,,,,,,,,,,,,,,,,,,,,,,,,,,,,,,,,,,,,,,,,,,,,,,,,,,,,,,,,,,,,,,,,,,,,,,,,,,,,,,,,,,,,,,,,,,,,,,,,,,,,,,,,,,,,,,,,,,,,,,,,,,
1962,,,,,,,,,,,,,,,,,,,,,,,,,,,,,,,,,,,,,,,,,,,,,,,,,,,,,,,,,,,,,,,,,,,,,,,,,,,,,,,,,,,,,,,,,,,,,,,,,,,,,,,,,,,,,,,,,,,,,,,,,,,,,,,,,,,,,,,,,,,,,,,,,,,,,,,,,,,,,,,,,,,,,,,,,,,,,,,,,,,,,,,,,,,,,,,,,,,,,,,,,,,,,,,,,,,,,,,,,,,,,,,,,,,,,,,,,,,,,,,,,,,,,,,,,,,,,,,,,,,,,,,,,,
1963,,,,,,,,,,,,,,,,,,,,,,,,,,,,,,,,,,,,,,,,,,,,,,,,,,,,,,,,,,,,,,,,,,,,,,,,,,,,,,,,,,,,,,,,,,,,,,,,,,,,,,,,,,,,,,,,,,,,,,,,,,,,,,,,,,,,,,,,,,,,,,,,,,,,,,,,,,,,,,,,,,,,,,,,,,,,,,,,,,,,,,,,,,,,,,,,,,,,,,,,,,,,,,,,,,,,,,,,,,,,,,,,,,,,,,,,,,,,,,,,,,,,,,,,,,,,,,,,,,,,,,,,,,
1964,,,,,,,,,,,,,,,,,,,,,,,,,,,,,,,,,,,,,,,,,,,,,,,,,,,,,,,,,,,,,,,,,,,,,,,,,,,,,,,,,,,,,,,,,,,,,,,,,,,,,,,,,,,,,,,,,,,,,,,,,,,,,,,,,,,,,,,,,,,,,,,,,,,,,,,,,,,,,,,,,,,,,,,,,,,,,,,,,,,,,,,,,,,,,,,,,,,,,,,,,,,,,,,,,,,,,,,,,,,,,,,,,,,,,,,,,,,,,,,,,,,,,,,,,,,,,,,,,,,,,,,,,,
1965,,,,,,,,,,,,,,,,,,,,,,,,,,,,,,,,,,,,,,,,,,,,,,,,,,,,,,,,,,,,,,,,,,,,,,,,,,,,,,,,,,,,,,,,,,,,,,,,,,,,,,,,,,,,,,,,,,,,,,,,,,,,,,,,,,,,,,,,,,,,,,,,,,,,,,,,,,,,,,,,,,,,,,,,,,,,,,,,,,,,,,,,,,,,,,,,,,,,,,,,,,,,,,,,,,,,,,,,,,,,,,,,,,,,,,,,,,,,,,,,,,,,,,,,,,,,,,,,,,,,,,,,,,
1966,,,,,,,,,,,,,,,,,,,,,,,,,,,,,,,,,,,,,,,,,,,,,,,,,,,,,,,,,,,,,,,,,,,,,,,,,,,,,,,,,,,,,,,,,,,,,,,,,,,,,,,,,,,,,,,,,,,,,,,,,,,,,,,,,,,,,,,,,,,,,,,,,,,,,,,,,,,,,,,,,,,,,,,,,,,,,,,,,,,,,,,,,,,,,,,,,,,,,,,,,,,,,,,,,,,,,,,,,,,,,,,,,,,,,,,,,,,,,,,,,,,,,,,,,,,,,,,,,,,,,,,,,,
1967,,,,,,,,,,,,,,,,,,,,,,,,,,,,,,,,,,,,,,,,,,,,,,,,,,,,,,,,,,,,,,,,,,,,,,,,,,,,,,,,,,,,,,,,,,,,,,,,,,,,,,,,,,,,,,,,,,,,,,,,,,,,,,,,,,,,,,,,,,,,,,,,,,,,,,,,,,,,,,,,,,,,,,,,,,,,,,,,,,,,,,,,,,,,,,,,,,,,,,,,,,,,,,,,,,,,,,,,,,,,,,,,,,,,,,,,,,,,,,,,,,,,,,,,,,,,,,,,,,,,,,,,,,
1968,,,,,,,,,,,,,,,,,,,,,,,,,,,,,,,,,,,,,,,,,,,,,,,,,,,,,,,,,,,,,,,,,,,,,,,,,,,,,,,,,,,,,,,,,,,,,,,,,,,,,,,,,,,,,,,,,,,,,,,,,,,,,,,,,,,,,,,,,,,,,,,,,,,,,,,,,,,,,,,,,,,,,,,,,,,,,,,,,,,,,,,,,,,,,,,,,,,,,,,,,,,,,,,,,,,,,,,,,,,,,,,,,,,,,,,,,,,,,,,,,,,,,,,,,,,,,,,,,,,,,,,,,,
1969,,,,,,,,,,,,,,,,,,,,,,,,,,,,,,,,,,,,,,,,,,,,,,,,,,,,,,,,,,,,,,,,,,,,,,,,,,,,,,,,,,,,,,,,,,,,,,,,,,,,,,,,,,,,,,,,,,,,,,,,,,,,,,,,,,,,,,,,,,,,,,,,,,,,,,,,,,,,,,,,,,,,,,,,,,,,,,,,,,,,,,,,,,,,,,,,,,,,,,,,,,,,,,,,,,,,,,,,,,,,,,,,,,,,,,,,,,,,,,,,,,,,,,,,,,,,,,,,,,,,,,,,,,
1970,,,,,,,,,,,,,,,,,,,,,,,,,,,,,,,,,,,,,,,,,,,,,,,,,,,,,,,,,,,,,,,,,,,,,,,,,,,,,,,,,,,,,,,,,,,,,,,,,,,,,,,,,,,,,,,,,,,,,,,,,,,,,,,,,,,,,,,,,,,,,,,,,,,,,,,,,,,,,,,,,,,,,,,,,,,,,,,,,,,,,,,,,,,,,,,,,,,,,,,,,,,,,,,,,,,,,,,,,,,,,,,,,,,,,,,,,,,,,,,,,,,,,,,,,,,,,,,,,,,,,,,,,,
1971,,,,,,,,,,,,,,,,,,,,,,,,,,,,,,,,,,,,,,,,,,,,,,,,,,,,,,,,,,,,,,,,,,,,,,,,,,,,,,,,,,,,,,,,,,,,,,,,,,,,,,,,,,,,,,,,,,,,,,,,,,,,,,,,,,,,,,,,,,,,,,,,,,,,,,,,,,,,,,,,,,,,,,,,,,,,,,,,,,,,,,,,,,,,,,,,,,,,,,,,,,,,,,,,,,,,,,,,,,,,,,,,,,,,,,,,,,,,,,,,,,,,,,,,,,,,,,,,,,,,,,,,,,
1972,,,,,,,,,,,,,,,,,,,,,,,,,,,,,,,,,,,,,,,,,,,,,,,,,,,,,,,,,,,,,,,,,,,,,,,,,,,,,,,,,,,,,,,,,,,,,,,,,,,,,,,,,,,,,,,,,,,,,,,,,,,,,,,,,,,,,,,,,,,,,,,,,,,,,,,,,,,,,,,,,,,,,,,,,,,,,,,,,,,,,,,,,,,,,,,,,,,,,,,,,,,,,,,,,,,,,,,,,,,,,,,,,,,,,,,,,,,,,,,,,,,,,,,,,,,,,,,,,,,,,,,,,,
1973,,,,,,,,,,,,,,,,,,,,,,,,,,,,,,,,,,,,,,,,,,,,,,,,,,,,,,,,,,,,,,,,,,,,,,,,,,,,,,,,,,,,,,,,,,,,,,,,,,,,,,,,,,,,,,,,,,,,,,,,,,,,,,,,,,,,,,,,,,,,,,,,,,,,,,,,,,,,,,,,,,,,,,,,,,,,,,,,,,,,,,,,,,,,,,,,,,,,,,,,,,,,,,,,,,,,,,,,,,,,,,,,,,,,,,,,,,,,,,,,,,,,,,,,,,,,,,,,,,,,,,,,,,
1974,,,,,,,,,,,,,,,,,,,,,,,,,,,,,,,,,,,,,,,,,,,,,,,,,,,,,,,,,,,,,,,,,,,,,,,,,,,,,,,,,,,,,,,,,,,,,,,,,,,,,,,,,,,,,,,,,,,,,,,,,,,,,,,,,,,,,,,,,,,,,,,,,,,,,,,,,,,,,,,,,,,,,,,,,,,,,,,,,,,,,,,,,,,,,,,,,,,,,,,,,,,,,,,,,,,,,,,,,,,,,,,,,,,,,,,,,,,,,,,,,,,,,,,,,,,,,,,,,,,,,,,,,,
1975,,,,,,,,,,,,,,,,,,,,,,,,,,,,,,,,,,,,,,,,,,,,,,,,,,,,,,,,,,,,,,,,,,,,,,,,,,,,,,,,,,,,,,,,,,,,,,,,,,,,,,,,,,,,,,,,,,,,,,,,,,,,,,,,,,,,,,,,,,,,,,,,,,,,,,,,,,,,,,,,,,,,,,,,,,,,,,,,,,,,,,,,,,,,,,,,,,,,,,,,,,,,,,,,,,,,,,,,,,,,,,,,,,,,,,,,,,,,,,,,,,,,,,,,,,,,,,,,,,,,,,,,,,
1976,,,,,,,,,,,,,,,,,,,,,,,,,,,,,,,,,,,,,,,,,,,,,,,,,,,,,,,,,,,,,,,,,,,,,,,,,,,,,,,,,,,,,,,,,,,,,,,,,,,,,,,,,,,,,,,,,,,,,,,,,,,,,,,,,,,,,,,,,,,,,,,,,,,,,,,,,,,,,,,,,,,,,,,,,,,,,,,,,,,,,,,,,,,,,,,,,,,,,,,,,,,,,,,,,,,,,,,,,,,,,,,,,,,,,,,,,,,,,,,,,,,,,,,,,,,,,,,,,,,,,,,,,,
1977,,,,,,,,,,,,,,,,,,,,,,,,,,,,,,,,,,,,,,,,,,,,,,,,,,,,,,,,,,,,,,,,,,,,,,,,,,,,,,,,,,,,,,,,,,,,,,,,,,,,,,,,,,,,,,,,,,,,,,,,,,,,,,,,,,,,,,,,,,,,,,,,,,,,,,,,,,,,,,,,,,,,,,,,,,,,,,,,,,,,,,,,,,,,,,,,,,,,,,,,,,,,,,,,,,,,,,,,,,,,,,,,,,,,,,,,,,,,,,,,,,,,,,,,,,,,,,,,,,,,,,,,,,
1978,,,,,,,,,,,,,,,,,,,,,,,,,,,,,,,,,,,,,,,,,,,,,,,,,,,,,,,,,,,,,,,,,,,,,,,,,,,,,,,,,,,,,,,,,,,,,,,,,,,,,,,,,,,,,,,,,,,,,,,,,,,,,,,,,,,,,,,,,,,,,,,,,,,,,,,,,,,,,,,,,,,,,,,,,,,,,,,,,,,,,,,,,,,,,,,,,,,,,,,,,,,,,,,,,,,,,,,,,,,,,,,,,,,,,,,,,,,,,,,,,,,,,,,,,,,,,,,,,,,,,,,,,,
1979,,,,,,,,,,,,,,,,,,,,,,,,,,,,,,,,,,,,,,,,,,,,,,,,,,,,,,,,,,,,,,,,,,,,,,,,,,,,,,,,,,,,,,,,,,,,,,,,,,,,,,,,,,,,,,,,,,,,,,,,,,,,,,,,,,,,,,,,,,,,,,,,,,,,,,,,,,,,,,,,,,,,,,,,,,,,,,,,,,,,,,,,,,,,,,,,,,,,,,,,,,,,,,,,,,,,,,,,,,,,,,,,,,,,,,,,,,,,,,,,,,,,,,,,,,,,,,,,,,,,,,,,,,
1980,,,,,,,,,,,,,,,,,,,,,,,,,,,,,,,,,,,,,,,,,,,,,,,,,,,,,,,,,,,,,,,,,,,,,,,,,,,,,,,,,,,,,,,,,,,,,,,,,,,,,,,,,,,,,,,,,,,,,,,,,,,,,,,,,,,,,,,,,,,,,,,,,,,,,,,,,,,,,,,,,,,,,,,,,,,,,,,,,,,,,,,,,,,,,,,,,,,,,,,,,,,,,,,,,,,,,,,,,,,,,,,,,,,,,,,,,,,,,,,,,,,,,,,,,,,,,,,,,,,,,,,,,,
1981,,,,,,,,,,,,,,,,,,,,,,,,,,,,,,,,,,,,,,,,,,,,,,,,,,,,,,,,,,,,,,,,,,,,,,,,,,,,,,,,,,,,,,,,,,,,,,,,,,,,,,,,,,,,,,,,,,,,,,,,,,,,,,,,,,,,,,,,,,,,,,,,,,,,,,,,,,,,,,,,,,,,,,,,,,,,,,,,,,,,,,,,,,,,,,,,,,,,,,,,,,,,,,,,,,,,,,,,,,,,,,,,,,,,,,,,,,,,,,,,,,,,,,,,,,,,,,,,,,,,,,,,,,
1982,,,,,,,,,,,,,,,,,,,,,,,,,,,,,,,,,,,,,,,,,,,,,,,,,,,,,,,,,,,,,,,,,,,,,,,,,,,,,,,,,,,,,,,,,,,,,,,,,,,,,,,,,,,,,,,,,,,,,,,,,,,,,,,,,,,,,,,,,,,,,,,,,,,,,,,,,,,,,,,,,,,,,,,,,,,,,,,,,,,,,,,,,,,,,,,,,,,,,,,,,,,,,,,,,,,,,,,,,,,,,,,,,,,,,,,,,,,,,,,,,,,,,,,,,,,,,,,,,,,,,,,,,,
1983,,,,,,,,,,,,,,,,,,,,,,,,,,,,,,,,,,,,,,,,,,,,,,,,,,,,,,,,,,,,,,,,,,,,,,,,,,,,,,,,,,,,,,,,,,,,,,,,,,,,,,,,,,,,,,,,,,,,,,,,,,,,,,,,,,,,,,,,,,,,,,,,,,,,,,,,,,,,,,,,,,,,,,,,,,,,,,,,,,,,,,,,,,,,,,,,,,,,,,,,,,,,,,,,,,,,,,,,,,,,,,,,,,,,,,,,,,,,,,,,,,,,,,,,,,,,,,,,,,,,,,,,,,
1984,,,,,,,,,,,,,,,,,,,,,,,,,,,,,,,,,,,,,,,,,,,,,,,,,,,,,,,,,,,,,,,,,,,,,,,,,,,,,,,,,,,,,,,,,,,,,,,,,,,,,,,,,,,,,,,,,,,,,,,,,,,,,,,,,,,,,,,,,,,,,,,,,,,,,,,,,,,,,,,,,,,,,,,,,,,,,,,,,,,,,,,,,,,,,,,,,,,,,,,,,,,,,,,,,,,,,,,,,,,,,,,,,,,,,,,,,,,,,,,,,,,,,,,,,,,,,,,,,,,,,,,,,,
1985,,,,,,,,,,,,,,,,,,,,,,,,,,,,,,,,,,,,,,,,,,,,,,,,,,,,,,,,,,,,,,,,,,,,,,,,,,,,,,,,,,,,,,,,,,,,,,,,,,,,,,,,,,,,,,,,,,,,,,,,,,,,,,,,,,,,,,,,,,,,,,,,,,,,,,,,,,,,,,,,,,,,,,,,,,,,,,,,,,,,,,,,,,,,,,,,,,,,,,,,,,,,,,,,,,,,,,,,,,,,,,,,,,,,,,,,,,,,,,,,,,,,,,,,,,,,,,,,,,,,,,,,,,
1986,,,,,,,,,,,,,,,,,,,,,,,,,,,,,,,,,,,,,,,,,,,,,,,,,,,,,,,,,,,,,,,,,,,,,,,,,,,,,,,,,,,,,,,,,,,,,,,,,,,,,,,,,,,,,,,,,,,,,,,,,,,,,,,,,,,,,,,,,,,,,,,,,,,,,,,,,,,,,,,,,,,,,,,,,,,,,,,,,,,,,,,,,,,,,,,,,,,,,,,,,,,,,,,,,,,,,,,,,,,,,,,,,,,,,,,,,,,,,,,,,,,,,,,,,,,,,,,,,,,,,,,,,,
1987,,,,,,,,,,,,,,,,,,,,,,,,,,,,,,,,,,,,,,,,,,,,,,,,,,,,,,,,,,,,,,,,,,,,,,,,,,,,,,,,,,,,,,,,,,,,,,,,,,,,,,,,,,,,,,,,,,,,,,,,,,,,,,,,,,,,,,,,,,,,,,,,,,,,,,,,,,,,,,,,,,,,,,,,,,,,,,,,,,,,,,,,,,,,,,,,,,,,,,,,,,,,,,,,,,,,,,,,,,,,,,,,,,,,,,,,,,,,,,,,,,,,,,,,,,,,,,,,,,,,,,,,,,
1988,,,,,,,,,,,,,,,,,,,,,,,,,,,,,,,,,,,,,,,,,,,,,,,,,,,,,,,,,,,,,,,,,,,,,,,,,,,,,,,,,,,,,,,,,,,,,,,,,,,,,,,,,,,,,,,,,,,,,,,,,,,,,,,,,,,,,,,,,,,,,,,,,,,,,,,,,,,,,,,,,,,,,,,,,,,,,,,,,,,,,,,,,,,,,,,,,,,,,,,,,,,,,,,,,,,,,,,,,,,,,,,,,,,,,,,,,,,,,,,,,,,,,,,,,,,,,,,,,,,,,,,,,,
1989,,,,,,,,,,,,,,,,,,,,,,,,,,,,,,,,,,,,,,,,,,,,,,,,,,,,,,,,,,,,,,,,,,,,,,,,,,,,,,,,,,,,,,,,,,,,,,,,,,,,,,,,,,,,,,,,,,,,,,,,,,,,,,,,,,,,,,,,,,,,,,,,,,,,,,,,,,,,,,,,,,,,,,,,,,,,,,,,,,,,,,,,,,,,,,,,,,,,,,,,,,,,,,,,,,,,,,,,,,,,,,,,,,,,,,,,,,,,,,,,,,,,,,,,,,,,,,,,,,,,,,,,,,
1990,,,,,,,,,,,,,,,,,,,,,,,,,,,,,,,,,,,,,,,,,,,,,,,,,,,,,,,,,,,,,,,,,,,,,,,,,,,,,,,,,,,,,,,,,,,,,,,,,,,,,,,,,,,,,,,,,,,,,,,,,,,,,,,,,,,,,,,,,,,,,,,,,,,,,,,,,,,,,,,,,,,,,,,,,,,,,,,,,,,,,,,,,,,,,,,,,,,,,,,,,,,,,,,,,,,,,,,,,,,,,,,,,,,,,,,,,,,,,,,,,,,,,,,,,,,,,,,,,,,,,,,,,,
1991,,,,,,,,,,,,,,,,,,,,,,,,,,,,,,,,,,,,,,,,,,,,,,,,,,,,,,,,,,,,,,,,,,,,,,,,,,,,,,,,,,,,,,,,,,,,,,,,,,,,,,,,,,,,,,,,,,,,,,,,,,,,,,,,,,,,,,,,,,,,,,,,,,,,,,,,,,,,,,,,,,,,,,,,,,,,,,,,,,,,,,,,,,,,,,,,,,,,,,,,,,,,,,,,,,,,,,,,,,,,,,,,,,,,,,,,,,,,,,,,,,,,,,,,,,,,,,,,,,,,,,,,,,
1992,,,,,,,,,,,,,,,,,,,,,,,,,,,,,,,,,,,,,,,,,,,,,,,,,,,,,,,,,,,,,,,,,,,,,,,,,,,,,,,,,,,,,,,,,,,,,,,,,,,,,,,,,,,,,,,,,,,,,,,,,,,,,,,,,,,,,,,,,,,,,,,,,,,,,,,,,,,,,,,,,,,,,,,,,,,,,,,,,,,,,,,,,,,,,,,,,,,,,,,,,,,,,,,,,,,,,,,,,,,,,,,,,,,,,,,,,,,,,,,,,,,,,,,,,,,,,,,,,,,,,,,,,,
1993,,,,,,,,,,,,,,,,,,,,,,,,,,,,,,,,,,,,,,,,,,,,,,,,,,,,,,,,,,,,,,,,,,,,,,,,,,,,,,,,,,,,,,,,,,,,,,,,,,,,,,,,,,,,,,,,,,,,,,,,,,,,,,,,,,,,,,,,,,,,,,,,,,,,,,,,,,,,,,,,,,,,,,,,,,,,,,,,,,,,,,,,,,,,,,,,,,,,,,,,,,,,,,,,,,,,,,,,,,,,,,,,,,,,,,,,,,,,,,,,,,,,,,,,,,,,,,,,,,,,,,,,,,
1994,,,,,,,,,,,,,,,,,,,,,,,,,,,,,,,,,,,,,,,,,,,,,,,,,,,,,,,,,,,,,,,,,,,,,,,,,,,,,,,,,,,,,,,,,,,,,,,,,,,,,,,,,,,,,,,,,,,,,,,,,,,,,,,,,,,,,,,,,,,,,,,,,,,,,,,,,,,,,,,,,,,,,,,,,,,,,,,,,,,,,,,,,,,,,,,,,,,,,,,,,,,,,,,,,,,,,,,,,,,,,,,,,,,,,,,,,,,,,,,,,,,,,,,,,,,,,,,,,,,,,,,,,,
1995,,,,,,,,,,,,,,,,,,,,,,,,,,,,,,,,,,,,,,,,,,,,,,,,,,,,,,,,,,,,,,,,,,,,,,,,,,,,,,,,,,,,,,,,,,,,,,,,,,,,,,,,,,,,,,,,,,,,,,,,,,,,,,,,,,,,,,,,,,,,,,,,,,,,,,,,,,,,,,,,,,,,,,,,,,,,,,,,,,,,,,,,,,,,,,,,,,,,,,,,,,,,,,,,,,,,,,,,,,,,,,,,,,,,,,,,,,,,,,,,,,,,,,,,,,,,,,,,,,,,,,,,,,
1996,,,,,,,,,,,,,,,,,,,,,,,,,,,,,,,,,,,,,,,,,,,,,,,,,,,,,,,,,,,,,,,,,,,,,,,,,,,,,,,,,,,,,,,,,,,,,,,,,,,,,,,,,,,,,,,,,,,,,,,,,,,,,,,,,,,,,,,,,,,,,,,,,,,,,,,,,,,,,,,,,,,,,,,,,,,,,,,,,,,,,,,,,,,,,,,,,,,,,,,,,,,,,,,,,,,,,,,,,,,,,,,,,,,,,,,,,,,,,,,,,,,,,,,,,,,,,,,,,,,,,,,,,,
1997,,,,,,,,,,,,,,,,,,,,,,,,,,,,,,,,,,,,,,,,,,,,,,,,,,,,,,,,,,,,,,,,,,,,,,,,,,,,,,,,,,,,,,,,,,,,,,,,,,,,,,,,,,,,,,,,,,,,,,,,,,,,,,,,,,,,,,,,,,,,,,,,,,,,,,,,,,,,,,,,,,,,,,,,,,,,,,,,,,,,,,,,,,,,,,,,,,,,,,,,,,,,,,,,,,,,,,,,,,,,,,,,,,,,,,,,,,,,,,,,,,,,,,,,,,,,,,,,,,,,,,,,,,
1998,,,,,,,,,,,,,,,,,,,,,,,,,,,,,,,,,,,,,,,,,,,,,,,,,,,,,,,,,,,,,,,,,,,,,,,,,,,,,,,,,,,,,,,,,,,,,,,,,,,,,,,,,,,,,,,,,,,,,,,,,,,,,,,,,,,,,,,,,,,,,,,,,,,,,,,,,,,,,,,,,,,,,,,,,,,,,,,,,,,,,,,,,,,,,,,,,,,,,,,,,,,,,,,,,,,,,,,,,,,,,,,,,,,,,,,,,,,,,,,,,,,,,,,,,,,,,,,,,,,,,,,,,,
1999,,,,,,,,,,,,,,,,,,,,,,,,,,,,,,,,,,,,,,,,,,,,,,,,,,,,,,,,,,,,,,,,,,,,,,,,,,,,,,,,,,,,,,,,,,,,,,,,,,,,,,,,,,,,,,,,,,,,,,,,,,,,,,,,,,,,,,,,,,,,,,,,,,,,,,,,,,,,,,,,,,,,,,,,,,,,,,,,,,,,,,,,,,,,,,,,,,,,,,,,,,,,,,,,,,,,,,,,,,,,,,,,,,,,,,,,,,,,,,,,,,,,,,,,,,,,,,,,,,,,,,,,,,
2000,,5.65620294569352,,3.71773075389811,1.90859938,5.94419765,5.95276403,3.9823314025105,2.37413526,8.22001076,4.2,,4.71542597,7.59412289,9.2,2.95,4.22181606,7.99917603,2.9591713,2.9502635,1.80504513,5.83,3.33542562,3.80487037,8.0,5.28,2.98060012,,4.39554119,8.33457184,5.33187246,2.5479064,4.44684267,6.10838556,4.27478504,8.24814415,5.70309511865147,9.13442421,,7.00020742,4.50828123,6.12679291,4.11237431,1.46594739,1.50500846,5.63529348,7.5153451,4.43401194,6.56498766,4.64065705797868,6.58189821,,,5.31,5.70103025,9.88843536,3.3991127,5.32374382,8.1,4.88427496,3.48903275,3.95548893016484,4.71158866936031,6.1021689554299,4.90998520461928,7.9974595146784,3.33441973,4.92244291,8.63963947358564,5.76670074,6.7992177,5.17029095,4.36504698,8.43604709230637,4.14214217074491,7.09,3.42441177,9.58447742,,7.76511145,2.90186048,7.12928009,7.19,2.790447,,4.74825478,6.65441465,4.18953228,1.10720015,7.24332523,5.35886383,,5.39686108,,3.18737936,9.40799830213468,,6.26817989,3.91765012898928,7.65,3.99165702,6.78,5.18265592026576,5.03568735030194,3.5191893681499,3.14403366125388,1.85297656,3.76116462148529,,4.03,,5.89902735,4.72250843,,8.9,6.62,7.57,5.64462519,9.34367943,7.03,4.16,3.62714171,4.41,6.53804731,8.65,4.79933786,3.85544181,2.20343971,6.4065537973439,4.27513599,10.82951355,2.87913179,3.31908512,4.86549902,6.44136175279871,3.03334899528602,4.00249899673956,,4.11,4.00605635225925,4.986580409955,5.6117692,5.33343091702169,6.2,5.93,5.43,,,3.69304585,3.69517851,5.93,3.99177575,7.74,4.43654047425463,4.44912481,17.4808979,5.01514707932835,8.87,5.46631575,6.57,2.0,4.69349847187404,,5.69538355,,2.18767238,3.37824655,2.85734653,2.35247517,2.51463366,12.2027100852714,9.23999977,,4.65891504,3.1973834,5.23883677,7.71,7.7,3.13,18.96671295,7.4700222,9.33441697347385,2.68485427,4.57516803948102,2.71176577,7.23963356,4.41482639,3.06,8.69525814,2.0184176,5.29,3.46589514988523,,,8.6,6.01865244,,4.8064515164008,9.56875055266335,,1.97258496,4.21,5.02,3.57583427,3.64026910266908,4.2115941,3.60664487,3.55015397,3.343364,4.82626629,8.48961735,7.84342813,,,6.18360472,4.99624658026261,,4.9956332492203,4.59920125428276,10.51756001,5.87092161,5.3,7.8,7.33,4.60951757,,4.61071777,4.55400705,,5.45750713,3.95548893016484,5.02204765460385,2.79418182,3.10125351,4.26,4.07783461,6.45109424102983,,4.69349847187404,2.90389204,3.64026910266908,4.9956332492203,4.23492479,4.81271935,4.6,22.37474632,3.41529942,5.08276892,5.31,5.32968156652749,9.21095848,12.49002552,5.12,3.97939277,,,,4.10752726,3.30683255,8.61492379321047,4.28232527,,4.66606569,7.3366189,4.17365646,
2001,,5.81895595273866,,3.71387386938287,4.48351622,5.92584515,5.85823727,4.26418115301539,2.48437047,8.37179852,4.65,,5.43839121,7.67809916,9.27,2.77,5.68180418,8.14988804,3.30417323,2.88835382,1.77201855,6.86,3.48573017,3.92440891,7.61,5.71,3.49099278,,4.82522202,8.54963303,5.52529192,2.5465107,5.0041995,6.3660779,3.95594192,8.62482357,5.90452807024592,9.46040154,,7.09733057,4.25330067,6.01767921,3.88486743,2.62310958,2.18529987,5.94238281,6.65322924,4.75244379,6.47409868,4.47654797515046,6.9820981,,,5.34,5.86295414,9.92069149,3.19861364,4.64501858,8.45,4.88183308,3.83787704,3.8547268116286,4.93083181097304,6.13474542559606,5.19599527985233,8.16185794982647,3.75668859,5.40030336,8.738943503973,5.91931677,6.76895761,4.78060246,4.72316694,8.55808458384136,4.45710480393764,7.25,2.90547299,9.7056284,,8.45260048,3.14902449,7.34416342,7.17,3.17077661,,4.89139318,5.63960838,4.53104782,1.20301282,7.9878397,5.62456989,,6.07023716,,3.05506778,9.88690314882051,,5.92998314,4.25946982856195,7.17,3.7502923,6.83,5.22459782865037,5.08684360281211,3.645787897589,3.07411262249644,2.11850214,4.0125752727282,,4.26,,6.3924942,5.16087341,,8.75,7.02,7.74,5.15652943,9.57236385,7.24,3.47,3.76578307,4.28,7.00522089,12.3,4.39693737,4.29693604,3.18838811,6.50603056931432,4.29031658,10.56254768,2.27906799,3.92571616,5.12139463,6.53914646290024,3.44943018831171,4.34495428515955,,4.06,4.238637788922,5.0321626227264,7.27745867,5.24380417197881,6.01,6.38,5.77,,,3.81601191,3.75390792,6.23,4.11513805,8.21,4.76997475552255,4.8203578,14.81642723,5.05185936916331,8.38,4.51950884,7.0,2.15,5.03039765711478,,5.05435562,,2.87893057,3.5718379,2.92151856,2.06040049,2.6753974,12.8715485032423,9.64409447,,4.72659349,3.18946862,5.48459768,8.06,8.01,3.81,16.22330093,7.5789361,9.81486001179485,2.70073724,4.68893929253794,2.54956865,7.17009974,4.72161007,2.85,7.79659462,2.3006382,5.67,3.78807181288088,,,8.63,5.60815811,,4.79365853510737,10.0578368378349,,2.3197093,4.38,5.24,3.31599975,3.80133880622958,4.4617424,3.36456871,3.68148756,3.16302657,6.60538721,8.36564541,7.88604879,5.64127541,,6.49679995,5.03096597607952,,5.03094155516485,4.63278056563826,10.83865166,3.82474971,5.33,7.88,7.9,5.13895369,,5.01642942,4.6971879,,5.2932992,3.8547268116286,5.30959444654471,2.88543367,3.02623773,4.58,4.82198191,6.54445468693627,,5.03039765711478,3.42501593,3.80133880622958,5.03094155516485,4.0346489,4.86132765,4.89,18.47802734,4.23551702,5.05207348,5.73,5.31021979482844,9.79864407,13.16811562,5.24,4.00093412,,,,4.80107498,3.38728333,9.00107885392992,3.81804991,,4.94514799,7.12327909,4.82995701,
2002,,5.44777100272394,9.44339085,3.3524763012464,3.32946134,5.66464472,5.99621153,4.26946105623697,2.71770859,7.3933115,7.61,,5.28793621,7.87627029,9.39,2.73,5.34983587,8.31820965,3.09589195,2.97113013,1.93417108,7.08,3.67866111,3.81251931,7.43,5.62,3.59433174,,4.89645052,8.69686985,5.86123466,2.53447938,4.59563637,6.66529799,4.22761345,8.85670471,6.15260345615923,9.88000202,,7.20833778,4.38285255,5.90386152,4.02669907,2.57012916,1.70167828,5.73296595,6.68114853,4.7555151,6.8690877,4.59435763361021,7.11481619,,,5.62,6.17736149,10.18365669,3.7554152,4.6531105,8.7,4.98649025,3.7300415,3.91698414256198,4.69964787247455,6.10164405389198,5.43832903554227,8.40994738351275,4.47671938,5.5107379,8.95475457299782,6.68857431,6.80052757,4.70329475,4.7126298,8.78117572710098,4.395748004592,7.63,2.98349524,10.02218628,,7.89720392,3.3248477,7.65009499,7.81,2.88721824,,5.36402321,6.27723551,3.96902514,2.74982452,8.23377991,6.17569733,,6.01301289,,3.19353795,10.3131067605759,,6.2445755,4.45887102071158,6.14,3.43250132,7.12,5.12193826734209,4.98928090995889,3.68052122736725,2.85152927784811,1.98062706,4.23031711352237,,4.24,,6.67263079,4.65182209,,9.4,6.92,7.87,4.74544334,9.2786417,7.35,3.61,3.84691834,4.59,7.22556973,11.87,4.45210552,4.0143261,3.12468719,6.35730088137829,3.69751263,9.28233719,2.28035998,4.73818302,5.38887024,6.39696243337064,3.66447871068666,4.59667579734229,,4.04,4.11005930635456,4.92416357526705,6.54458666,5.29046334986939,6.14,6.76,5.76,,,4.06117535,3.80860424,7.4,4.92547607,8.78,4.67925193533172,5.07164288,12.84072018,4.93424142199519,8.98,4.99773645,7.71,2.58,4.99094950969172,,5.18856382,,3.2773509,4.00224972,3.18897271,2.69725966,2.66876554,13.6609120127322,9.68074989,,4.82717037,2.49063969,5.73315859,8.65,8.98,3.94,13.80812454,7.90045929,10.2416757567691,2.77737164,4.90084566597385,2.66229343,7.31349277,4.93902254,2.64,8.01948452,2.77562952,6.07,3.62361711157437,,,8.79,4.75770569,,5.06575600779758,10.4964943317626,,2.46044064,4.58,5.52,3.13122177,3.86376953834791,4.2493701,3.30010891,3.95294404,3.358464,10.10495281,9.40313911,7.88565731,5.39155769,,7.59296274,4.58836724127037,,4.58796111857731,4.82173850484562,10.69723701,5.32991552,5.51,8.02,8.21,5.52298307,,4.35287333,4.94717073,,7.26787424,3.91698414256198,5.54124638877595,2.90227056,3.334723,4.44,4.15504408,6.39723742371508,,4.99094950969172,3.58957744,3.86376953834791,4.58796111857731,4.72302485,5.12036419,5.06,12.42768574,4.68907642,4.77135611,5.99,5.20597221560535,9.68134308,13.9952774,5.14,4.07769632,,,,3.87075853,3.90437746,9.34255784339984,4.49205494,,4.83237982,6.67774487,5.88845205,
2003,,6.03009275874371,8.94125843,4.62552206132176,3.54797316,5.91140795,5.54771519,4.0951212055081,2.64634395,6.89451647,7.18,,5.58143282,7.88087225,9.55,2.73,5.27245188,9.16443539,3.11678505,3.14307284,1.96152198,7.2,3.88658071,4.01998568,8.31,5.77,3.56305766,,5.19709635,8.18899441,6.69148111,2.60260582,4.1293807,6.40933847,4.39720297,9.01090145,6.38978376277205,10.13696766,,7.25047779,4.41762781,5.47972536,3.90227985,3.73353338,1.91852403,5.77505445,6.65392351,4.50008631,6.9691925,4.42598512818678,7.10295439,,,5.64,6.52412462,10.40202236,4.27386999,4.84617901,8.9,4.38888264,3.60104108,3.98294780377326,4.83109198732151,6.20037368285772,5.31292760798855,8.63157110491867,5.44398975,5.2242527,9.16280548023136,7.33703375,7.56327057,5.13883257,4.89970922,8.99640281076734,5.01281767424955,7.94,2.97298193,10.08283424,,9.57150459,3.53258252,8.05579185,8.03,2.82690215,,4.78055525,5.32621098,3.53315258,1.82749987,8.44915581,5.28485727,,6.15306854,,3.26884198,10.4973671248032,,6.89004707,4.65161511649633,6.3,3.53695321,8.12,5.14497896885927,5.04917823141138,4.09402658030646,3.69641603251406,2.24837184,4.36313977504917,,4.01,,7.00761366,4.95589161,2.99693584,9.73,6.86,7.83,4.22014141,8.78901005,7.49,3.72,4.05870771,5.82,6.93705606,10.7,4.75159693,4.28309107,2.76216865,6.59990299749211,4.47920704,8.67109871,2.66176748,3.97301245,5.24069643,6.61909944710426,3.88155350192448,4.87501484537255,,3.65,4.20366587561467,4.988435285855,6.04550791,5.20212647874204,6.19,6.96,5.48,,,4.08037519,4.43205786,7.02,5.00276518,6.78,4.54456139027606,5.81486416,12.76533508,4.99179628562114,9.01,5.0505991,7.9,2.38,4.87778613450145,,4.10218763,,3.39533854,4.03254652,3.18201613,3.32019806,2.92417073,14.1071423246185,9.91340542,,4.74740648,5.05360985,6.08317614,9.06,9.19,3.86,9.97444248,7.72169256,10.4614560090837,2.77524447,5.23718974474348,2.30006313,6.95631361,4.58695936,3.08,8.96286488,2.4531486,5.95,4.50359952416019,,,9.12,4.90703917,,4.66532992864293,10.6936726586853,,3.50257182,5.37,5.16,6.93491793,3.64301804006877,3.97910738,3.89187932,4.29703569,3.60699272,7.075634,8.4533062,7.77182293,4.77200127,,7.66696072,5.50303157706112,,5.50245815755129,5.02594063552487,12.6639061,4.88878393,5.45,8.1,8.32,6.37864399,,5.08738041,5.11781693,,5.50940943,3.98294780377326,5.45387983185849,2.93837667,3.24312782,4.7,5.0367589,6.62200651129437,2.84187031,4.87778613450145,3.43583083,3.64301804006877,5.5024581575513,4.18767118,5.20888519,5.01,14.38950729,5.34231472,4.29918194,6.55,5.25512032584875,9.61753464,14.50551128,5.19,3.95764542,,,,3.94229889,3.50691938,9.49853269427396,4.17237139,,5.75758314,7.04098177,5.99553585,
2004,,6.11570775868796,9.80847359,4.42898992161699,3.96719909,5.89364862,5.28846931,3.78804789160125,2.46204329,7.22868252,6.06,,5.11667967,8.08708572,9.71,2.66,7.09572744,9.32808781,3.23273873,4.21720934,1.99854314,6.89,3.49817729,4.04628181,9.06,5.74,3.44779563,,4.86315727,8.12491989,7.31297731,2.55193377,4.59777308,6.09125996,4.30442286,9.06628132,6.35264650609029,10.22576523,,6.91028547,4.29347467,5.47516584,3.72798967,4.33564186,1.92152369,5.79892111,6.58027744,4.37710667,6.63006067,4.64572750747436,6.83178711,,,5.41,6.35071039,10.14603233,3.53825521,4.74520159,9.01,4.2877388,3.5440731,3.89234566940715,4.79595351920604,6.17794114076114,5.06612505841362,8.61310641402578,5.56991434,4.85732365,9.18948733587817,7.00984955,7.65842772,5.33758926,4.31281853,9.00319966655184,4.7241368296459,8.06,3.25768542,10.16429329,,12.02715683,3.33045959,8.30715179,8.09,2.76365352,,4.78467607,5.42000151,4.27734661,1.45293343,8.0939045,5.36568451,,6.26182795,,3.43770432,10.440073449972,,6.85484362,4.76992728129797,6.5,3.42928433,7.76,5.09086882296296,4.99292322823137,4.00219258472633,3.52994548508581,2.12002277,4.3430976110358,,3.96,,7.21972942,5.12801409,3.90128636,9.33,6.8,8.17,4.80435276,8.74670506,7.54,3.98,4.23645926,6.2,7.07894278,12.43,4.49067402,4.26715517,2.35702467,6.70190241621884,3.54057336,7.99923086,6.3381567,3.38328195,4.76760817,6.69882834373198,4.08890268093838,4.70864796971469,,4.04,4.15632010368276,4.93093103135584,6.05738831,5.10228628141522,5.51,7.28,6.2,,,4.23211098,4.52466917,8.97,5.25089979,7.48,4.29495196820785,5.95390368,15.61940098,4.93745230698472,8.47,5.21767759,8.05,2.32,4.71242170508853,,4.15718555,,3.67226458,3.70429492,3.31652546,4.07199907,2.86016941,14.1259619728203,10.12623405,,4.97818327,4.63368416,6.05740356,9.11,8.8,4.05,6.87889576,7.90090561,10.4184446122322,2.59660101,5.03984325982004,2.22177458,7.34004402,4.42970943,3.05,9.91890907,2.59372902,5.87,4.53587137282874,,,9.53,4.93224335,,5.10343612464608,10.65109427894,,3.18311739,5.48,4.76,7.50929976,3.62022847254558,3.58400226,4.15593481,4.56856203,3.15019798,7.72383881,8.67061424,8.1302166,4.86479282,,7.84200048,5.48533441814623,,5.48456633544188,4.95456502268019,11.91980934,5.4608078,6.37,7.94,8.13,6.81432486,,4.90274191,4.47935343,,5.50012684,3.89234566940715,5.24848785029618,3.0855279,3.13893151,4.8,6.25892353,6.70665324484406,4.26103544,4.71242170508853,4.50741625,3.62022847254558,5.48456633544188,4.30805206,5.19890785,4.91,9.88583279,5.7373414,4.7002449,6.17,5.19300000166326,8.30145359,14.55115986,4.84,3.8658421,,,,4.08791971,3.53991532,9.38920149850901,4.52578545,,5.5144043,6.938416,5.48490572,
2005,,5.9613344227107,9.94828892,4.23482316174263,2.85219526,5.72954512,5.59476948,3.48583062825782,2.32019687,7.61078882,5.86,,4.99094057,7.97029352,9.63,2.23,7.56016588,9.22374916,3.22345805,3.95109582,2.05873919,6.89,3.25870824,4.03196478,9.05,6.07,3.46698904,,5.07408142,8.03539562,6.77536297,2.23386168,4.13416338,5.26532936,4.36732149,9.03540611,6.35930922658045,10.05823421,,6.62372112,4.17605019,5.00639105,3.77274442,3.98558235,1.71774101,6.06710529,6.12521315,4.27364111,6.6642971,4.58236912684281,8.75525475,,,5.44,6.34086704,10.31153965,3.80623102,4.97772503,9.09,4.35391188,3.23516107,3.88299846640758,4.76874148944386,6.13324455563249,5.05273189138054,8.59680839854086,5.59754324,4.92229176,9.28740171926518,6.8641758,7.73191786,5.29536057,4.10098124,9.07274648767714,4.46051920155767,8.29,3.25656676,10.2148447,,17.73306656,2.9324131,8.36301231,8.08,3.63137388,,4.04512262,5.38602448,4.5516243,1.29643106,8.56466961,5.14460278,,6.14826393,,3.79409742,10.4823213956738,,7.50086403,4.82803607233323,6.84,3.30554652,7.98,5.07457737157037,4.98192367811053,4.0228073692517,3.64469780271258,2.53189397,4.30449496004175,,3.79,,7.64242792,5.29996157,3.01704645,8.95,6.9,8.34,4.54581785,8.49441624,7.66,3.9,4.24245214,7.45,6.84559298,11.52,4.72803831,4.54809093,2.01313829,6.78886917233754,3.33673191,7.54867649,7.14322186,2.51707149,4.86039829,6.75899641194885,4.04503503823473,4.55177639392733,,3.88,4.1545099153087,4.93186608363584,5.44926691,5.08047099012744,5.65,7.12,5.83,,,4.37350655,4.50320387,9.56,5.2155776,8.83,4.04938168603301,5.83612156,20.21598053,4.94309008070145,7.68,5.19516516,8.66,2.33,4.50921976396048,,3.7552557,,4.37538815,3.40312648,3.51794028,4.30046511,2.78692698,14.1217795348321,10.08441544,,5.87749624,4.46591949,6.22468948,9.1,8.3,3.95,10.82081795,8.27334881,10.4699241071676,2.26479053,4.62049780732729,2.55108738,6.43272924,4.66595268,3.74,9.29251766,2.44874048,5.81,4.27559768319987,,,9.65,4.82934713,,5.55330504212057,10.7342157108571,,2.56300044,5.53,4.77,7.72549963,3.55547321369818,3.41866732,4.09418154,3.67466521,3.03367925,9.01593494,9.04395866,9.20057869,4.88683653,,8.28380585,5.29760999821318,,5.29684656803829,4.63378960915033,11.55062962,5.2439642,6.59,8.0,8.15,7.37623358,,4.66865683,4.10970592,,4.84111166,3.88299846640758,5.22934711813613,3.3024261,3.15972233,5.21,5.65422964,6.7365777044119,5.28044748,4.50921976396048,4.38560247,3.55547321369818,5.29684656803829,4.43451166,5.14555788,4.89,10.56283283,6.32282543,5.80518579,6.35,5.19418902986693,7.75686073,14.57938957,4.78,3.83165979,,,,4.31821251,3.30528617,9.31892508369958,4.63365459,,5.20585251,6.86216164,6.33088684,
2006,,5.9810462180259,10.62276554,4.10674520095189,2.68553543,5.63177013,4.96530008,3.45033162400513,2.3254137,7.64032793,5.85,,4.63050652,7.97702456,9.53,2.07,8.71264839,9.12963009,3.28773856,4.51446247,2.10646582,6.53,3.10821271,4.30935764,9.17,5.57,3.57004833,,4.66087532,8.24952507,6.58370161,1.9072516,4.4061017,4.87599421,4.44105434,9.34210205,6.21540946357493,9.58019924,,6.07235622,3.94742203,4.76326609,3.73662806,4.06210661,1.70861316,6.33546638,5.77074099,4.48974991,6.93530846,4.48217253226895,8.2719059,,,5.46,6.16380167,10.17995167,4.22306824,4.78092194,9.17,3.99365425,3.35510349,3.73184178216666,4.70208435921769,5.93821904872835,5.0699619624186,8.54694846381358,5.70635176,4.84190083,9.27860643446679,6.85727453,7.82905865,4.97390509,4.45757294,9.04124009714989,4.36112575545375,8.28,3.34798193,10.38566494,,10.74129105,3.14333963,8.62893772,7.63,3.67091465,,3.61521959,5.43720865,5.0809288,1.29171956,8.25866985,5.11352158,,6.36362219,,3.93144464,10.5422702439334,,7.86318684,4.97919063410667,6.91,3.48013902,7.78,4.99835653957606,4.91723660780168,4.08307869999489,3.76155609313328,2.61946416,4.34189212434452,,3.63,,7.516469,5.15990877,2.49370432,8.56,6.71,8.44,4.20788145,7.67925692,7.69,3.4,5.11269999,8.31,6.11889315,11.54,4.98203421,4.84870243,1.8213098,6.85931270396436,2.93200922,8.66057873,6.06891537,2.29996443,5.1270175,6.79742583281584,4.20190980184059,4.58405408458199,,3.85,4.12445038961174,4.87372296161126,6.11966372,5.00224260243213,5.84,6.64,5.7,,,4.56586647,4.29524565,10.54,5.07203817,8.05,3.94270540239237,5.65525532,20.33398056,4.88205452312047,7.38,5.45589256,8.81,2.25,4.38269489991334,,3.74971509,,4.08873844,2.70252752,3.60573649,4.91223288,3.10897732,14.2409159138714,10.57086945,,5.99335575,4.25775146,6.35756445,9.08,7.88,3.54,12.41761494,8.63841629,10.5455067705685,2.01985121,4.31315356611668,2.86177492,6.7842741,4.4095645,3.78,9.56446457,2.42600322,5.8,4.22276709172585,,,9.35,5.01927567,,5.27178307862811,10.8297690821463,,2.288064,5.07,4.77,7.60959911,3.48912008289556,3.6192224,4.88544321,3.76337624,2.9347465,8.00584698,9.02353287,8.69338894,4.91361904,,8.49390411,5.20378498296485,,5.20287117813062,4.36738031264167,8.30422878,5.85598755,6.85,7.82,8.05,7.82560062,,4.39767885,3.77771473,,4.86643076,3.73184178216665,5.20931565915733,3.44603634,3.09970832,5.03,4.97834015,6.78239475518019,6.00192022,4.38269489991334,5.47225046,3.48912008289556,5.20287117813062,4.15431976,5.13109922,5.15,12.27132893,7.598279,6.46332979,6.42,5.1200813694156,7.74287462,14.70870876,4.75,3.65356708,,,,4.56979847,3.32189322,9.24187602775815,4.88451385,,5.52930164,6.87650871,5.5774231,
2007,,6.00108881256886,9.90467453,3.85734872193406,2.97439122,5.92609119,4.92347288,3.55236509856902,2.56569624,7.83455086,5.5,,4.44609547,8.05496502,9.53,1.99,9.1855402,9.13628674,2.93715644,5.23373222,2.17268491,6.16,3.29534078,4.49598694,9.53,5.69,4.07867432,,4.6968894,8.20182991,6.05665207,1.94145441,4.1298461,5.52080727,4.71851492,9.44540119,6.12727689011362,9.41693878,,6.21259642,3.67491412,4.55249786,3.70858574,3.89384961,1.90200174,6.49102163,5.41753864,4.18900156,6.99642611,4.70483075756158,10.9674921,,,5.36,5.98578405,10.05132961,4.05582809,4.79109955,9.33,4.08935308,3.82141757,3.55816456127622,4.6903084302962,5.72915005373572,5.01885029359077,8.42051834434828,5.43095398,4.44493246,9.180959874194,5.2786293,7.9186573,5.18455648,5.00128317,8.92979234533803,4.32977572445332,8.08,3.41514993,10.31564426,,11.0585041,3.16288781,8.62399578,7.44,3.80248857,,3.46627593,4.95501947,5.03941393,1.30166054,8.39808273,5.23867893,,6.1918335,,4.28126192,10.5059758897167,,8.08494949,5.0045056206369,7.41,3.64734101,7.2,4.92018540272383,4.84375282308376,4.01316746557812,3.59509558593801,2.82385564,4.34332318223593,,3.52,,7.80773783,4.91188192,3.2148056,8.35,6.7,8.14,5.32057667,7.90982628,7.78,2.7,5.22106314,6.93,4.90875959,11.36,4.79733467,4.95489931,1.92673647,7.02201709185222,3.15345573,8.55984211,4.32794046,2.41929626,5.54166603,6.96153920543648,4.25514966022851,4.68898153235501,,3.82,4.0194962823197,4.79996472742882,7.22254515,4.91129413070658,5.76,6.16,5.51,,,4.80759001,3.81156135,11.02,4.60865784,8.31,3.97928062274978,5.76644468,16.26939583,4.80307413548888,6.57,5.25303173,8.17,2.02,4.4037237679321,,4.07522774,,3.93067098,2.87644005,3.52321672,5.44258356,3.07041144,14.4140399543475,10.71633053,,5.43105888,3.90997243,6.95643044,9.05,8.02,3.67,24.23068047,8.32904434,10.5199462082855,2.11371112,4.20128116440919,2.81689191,7.62018394,4.42612123,3.75,9.80653,2.42102122,5.87,4.16279160427683,,,9.25,5.02042723,,5.02602124205252,10.810370920614,,2.07008052,5.02,4.75,7.86212587,3.42000961517877,3.56229162,5.66269159,3.41496587,2.83749056,7.18298769,8.52283859,8.47836304,5.09587288,,9.3764925,5.10051917269761,,5.09930282654429,4.31238421905563,8.20471764,5.22148609,7.18,7.51,8.0,7.93004131,,3.85076666,3.72242856,,4.34313393,3.55816456127622,5.17912735785694,3.8666532,3.19277525,5.54,3.12948632,6.90949538261269,5.64793253,4.4037237679321,4.73330021,3.42000961517877,5.09930282654429,4.1536026,5.17542839,5.24,10.51983929,6.88427973,6.1131134,6.02,5.04906295392548,7.49349833,14.91824913,4.54,3.81816602,,,,4.62917614,3.1078558,9.07235948008944,4.7446332,,5.82077599,6.90510845,4.57961416,
2008,,5.89198172425083,10.25649548,3.67789615469006,3.32290339,5.50900269,5.67066383,3.36999604778081,2.92847514,8.1826973,6.64,,4.20027018,8.24855137,9.73,2.05,7.74147511,9.5951395,2.65178108,4.64780712,2.11878848,6.28,3.2038722,4.86261654,9.69,5.29,4.53821993,,4.60677242,8.01128483,6.47753286,1.87612021,3.38117099,5.89747286,4.08699083,9.60754967,6.37213416266488,9.53167629,,6.73954487,3.900002,4.56869602,3.65843678,4.31254768,2.2392714,6.84192228,5.06897497,3.58312893,7.46854782,4.59425430729557,11.31422806,,,6.01,6.33024931,10.25128746,3.61543369,5.04968786,9.51,4.56146193,4.20188284,3.72775269305678,4.64903983083986,5.88795162750722,5.06445696957043,8.61534220360622,5.46596193,4.46634817,9.47981621727727,6.415205,8.38225937,5.95724869,4.28063869,9.20027882405041,4.02734483299646,8.34,3.18467116,10.50084686,,11.99137974,2.78980231,9.02561569,8.44,3.87511325,,3.26562262,4.65938807,5.45864058,1.11555648,8.82774162,5.386199,,6.08129978,,4.20242214,10.6711205350243,,8.60362625,4.83118752479515,7.65,3.75722051,7.09,4.99059541286621,4.89683616384284,3.87493685486321,3.48032150738664,2.54842305,4.1787273187844,,3.51,,9.12564754,5.03990459,3.06604242,8.34,6.83,8.53,5.61143064,8.48880577,8.09,3.05,5.28900909,6.53,6.60109425,14.08,5.30566025,5.24600267,1.92400301,7.04971017240491,2.76727295,7.81751728,5.99615717,2.24441886,5.09061956,7.01260962213572,4.141287979079,4.41862313085087,,3.85,4.04088632873017,4.8334358137276,7.66656303,5.02151726138921,6.29,6.23,5.58,,,4.83789158,4.08357811,10.95,4.08111715,11.47,3.8515971331536,5.69886971,15.20470905,4.84508836217924,6.55,5.02686644,7.86,2.11,4.37629354699202,,4.55693007,,4.22139311,3.01338983,3.93896508,6.10668802,3.00692558,14.6744238511399,9.91801167,,5.24640608,3.69581532,7.16700697,9.28,7.92,3.82,23.0041008,9.12382889,10.7191543060096,1.75567567,3.79580019598002,2.71266913,7.05229712,4.5332098,3.86,9.40130234,2.13526058,6.38,3.96967893864673,,,9.58,5.03776026,,4.79080824006467,11.0174515036151,,1.63775349,5.02,4.9,7.5670433,3.39148002264681,2.97100711,5.42313576,3.50687575,3.19488454,5.50597048,8.81158161,8.49585915,5.41110897,,9.48246479,4.89231048820101,,4.8913165325042,3.95529215074998,7.16872263,4.74699593,6.96,7.85,8.21,8.85792923,,3.61745405,3.39762759,,4.05955124,3.72775269305678,5.28645906375468,3.84063601,3.45933938,5.91,3.49424887,6.96025692509494,6.96563959,4.37629354699202,6.05759716,3.39148002264681,4.8913165325042,3.6575706,5.1644063,5.22,10.1193676,5.55704737,5.45476198,5.5,5.07901683672536,8.12533188,15.20718479,4.7,3.88194203,,,,4.36028337,3.13810205,9.07484030386287,4.53258085,,5.76191616,7.14832258,4.46690989,
2009,,6.40741692690517,9.81848717,3.7656038280178,3.84260798,5.82603931,6.08094168,4.24142735296461,4.04999304,9.45599556,8.44,,4.17732763,8.54473877,10.23,2.77,9.23238468,10.32117939,2.88892651,5.08159161,2.18321705,6.6,4.32666922,5.1500144,9.02,5.39,4.52587652,,5.17444515,8.39480495,7.14522552,2.39306617,3.5476253,6.62081194,4.81901121,10.66225815,6.84243335506141,10.1415062,,7.25026846,4.34958458,4.46966648,3.49997187,4.51133156,2.1422224,7.3113451,4.92694378,3.88152432,7.86019135,5.30885412669441,12.29053974,,,6.47,7.24880648,11.23791218,3.64194465,4.98329306,10.67,4.76337624,5.35939837,4.12686433727411,4.98433061029175,6.39008150866711,5.62102064245056,9.44799810653658,5.79984474,4.37870932,10.2406838882124,5.38878489,9.10764122,6.84477043,4.64983416,9.95760483685975,4.32783297518259,9.16,3.53587627,11.28756237,,12.55259323,3.83571577,10.04505444,9.57,4.37879181,,3.58147597,4.46430683,4.73428679,1.76790214,9.40688515,5.43471003,,6.33938646,,4.35117149,11.6374107469269,,8.99592495,5.18158128173652,8.08,3.50277376,7.22,5.34586425051451,5.22953295895628,3.97871456405997,3.38995587901033,2.62324095,4.3865467593174,,3.49,,10.52275658,6.11493444,3.77203989,8.78,6.92,8.95,5.14654493,9.22396946,8.96,3.5,5.26973343,6.9,7.58330584,13.49,5.28673744,5.65905666,2.70638776,7.60133738346346,3.46300411,7.0073576,11.57163811,3.5828805,5.24410772,7.56506732420826,4.44422129228798,4.74080491299415,,4.06,4.23588664787725,5.17794324658956,8.95305061,5.46463145508202,7.37,6.95,6.1,,,5.27312183,4.84195948,13.68,4.38469839,10.09,4.74102582127127,6.12978411,14.53969955,5.19076997172995,6.53,5.2122364,7.92,2.16,5.06544761291022,,4.45980072,,5.20390034,3.11034036,4.17035627,5.87333822,3.2610569,15.72038976382,9.04967022,,5.33850145,3.5801971,7.68584394,9.99,9.03,3.9,12.31575871,9.62076378,11.6600599202922,2.4694581,4.49208640649736,2.47458911,7.24006367,4.96515894,4.16,10.30605984,2.32937527,6.59,4.27252986996418,,,10.13,5.52496862,,5.28004738859862,11.958133092265,,2.38356304,5.28,5.64,7.80694866,3.37208337742491,4.29042768,6.39496326,3.841573,3.39853096,6.60598898,9.68422222,8.83749676,6.18409586,,9.34623528,5.28839541496509,,5.28715548113701,4.65024042826058,7.24220848,4.97810316,7.95,8.54,8.77,8.63292217,,3.54135323,3.5464704,,4.44166946,4.12686433727411,5.78831866180834,4.07616663,3.61939645,5.86,2.84764099,7.50116592117515,7.30931807,5.06544761291022,3.92779636,3.37208337742491,5.28715548113701,5.48676443,5.40595293,5.49,12.26670933,5.06306362,5.78845549,6.61,5.48021477199756,7.9498806,16.20063591,4.8,4.09299564,,,,4.48502922,3.25197887,9.81656902550254,5.12732029,,5.98619986,7.64941454,5.15718842,
2010,,6.44527455868429,8.56967163,3.49823491915293,2.69509959,6.23667669,7.67537737,3.86477431984604,3.87873054,9.44546413,9.24,,5.37907028,8.42025661,10.22,2.65,11.28196716,10.20229435,3.00988984,5.23958349,2.28807664,7.1,4.08934975,5.25594234,9.02,5.66,4.49519491,,5.20230532,7.94516611,6.77094746,2.27826095,3.55879498,6.26718187,3.56699872,10.67611408,6.89538567113618,9.93353558,,6.81958437,4.23068333,4.41577387,3.57742167,3.72224283,1.85172856,7.07130146,4.99181557,4.47555733,8.02937794,5.18467941028297,10.6880827,,,6.5,7.58647251,11.09592915,3.35966682,5.15711927,10.61,4.92355442,5.11716986,4.02010758261721,4.79351273648053,6.26796565852435,5.10656976951731,9.21252899288738,6.22109413,4.15319157,10.2001359085682,4.83844233,9.11891174,6.59433842,5.46637249,9.89666766363742,4.09129523505124,9.14,3.41664124,11.22560215,,13.10624504,2.47556901,9.92673969,9.07,4.22398996,,3.42782617,4.11944056,5.26704073,1.62134683,9.59662342,5.4188118,,6.1247797,,4.21897697,11.535218504797,,8.72536373,5.02668891296658,7.99,4.54871035,7.45,5.14228794658365,5.03660863166461,3.84252585405439,3.41510488993243,2.7908783,4.15411006508539,,3.27,,10.52404499,6.29153061,3.23955345,8.36,6.89,8.92,5.2951932,8.17025661,9.06,2.74,5.38849831,6.95,6.91169977,9.34,5.2136941,5.81980991,2.67879915,7.30411739358134,2.91155219,7.43864489,10.35444641,3.28064442,5.05308437,7.27115658960086,4.11402332784161,4.43947894398084,,3.74,4.12242076272469,4.97803138004772,7.64088917,5.23753368704462,6.81,6.66,6.1,,,5.41861057,4.95791674,10.13,4.69762659,8.49,4.49285595900325,5.73688889,13.93147564,4.99236103060168,6.71,4.67865133,7.95,1.96,4.94089322853822,,3.73945689,,5.43892908,2.63618922,4.51898289,5.14304781,3.16474271,15.6614110523839,9.72781372,,4.96100473,3.29653287,7.71019173,10.16,8.86,4.36,12.6964016,9.59277534,11.5505268737577,2.47588587,4.03320219017684,2.39686537,7.4865942,4.71503925,4.13,11.61802578,2.10756016,6.47,3.86260414756121,,,10.03,5.46593952,,5.03371991293241,11.8975543623957,,1.87017763,5.64,4.97,8.08696938,3.20182576216797,3.64786315,5.05810165,4.02764368,3.20265388,4.66139841,9.12688351,8.90416241,6.20853519,,9.5273037,5.21274016184166,,5.2122519788364,4.24200347645544,6.86072636,4.6978569,7.67,8.57,8.32,8.5912571,,4.50142097,3.2764473,,4.06023312,4.02015987980189,5.35570199809131,4.45493317,3.39009809,5.74,3.24345636,7.23357834688603,6.47058821,4.94089322853822,4.81632328,3.20182576216797,5.2122519788364,5.08042908,5.60950756,5.02,15.65082836,5.22392178,6.80890226,6.81,5.25058238200954,7.91117048,16.19719124,5.3,4.30325222,,,,5.07146072,3.52656102,9.48081659347166,5.15268326,,5.15932894,7.79358244,3.97471905,10.47583866
2011,,6.35450320470563,8.56190777,3.52315754612869,2.64560771,6.18297672,7.62060833,3.8138076950767,3.67006993,9.41819859,9.38,,5.44257212,8.53744984,10.03,2.6,10.06996346,10.36337948,2.99707985,4.64868164,2.36418128,7.1,3.8651762,5.32398558,9.18,4.87,4.54942894,,5.17306805,7.78819132,6.89690495,1.86409724,3.34921789,5.86915016,3.67561865,10.37950897,6.59879435298682,10.04628563,,6.79947519,4.34274387,4.39700699,3.85282946,3.19435549,1.75237322,6.78076792,5.3021183,4.30527449,8.12197781,5.04350773784052,11.31298637,,,6.43,7.5580225,10.77844906,3.37655354,5.33450365,10.41,5.03797865,5.26748085,4.14244876145585,4.79428077793672,6.69754200687306,4.866360922685,9.04917838788845,6.580935,4.35707569,10.0795030461302,5.16795397,9.1679697,6.0781703,4.46897745,9.83362151257065,4.13561278409364,9.22,3.14293504,11.18497562,,13.09527397,2.55771565,9.92486763,8.01,4.69264126,,3.78955102,4.36967373,6.21634817,1.42923808,9.19330311,5.80423355,,5.96306896,,4.17213488,11.5443587304483,,8.79187012,5.00729257845958,7.66,5.91197777,7.48,5.10059593159505,5.01012379291562,3.80091414873545,3.30230622394307,2.98942471,4.25893236031496,,3.25,,10.60614967,6.09787989,2.80316377,8.2,6.84,8.77,5.23845339,8.14807701,10.49,2.6,5.20212841,7.11,7.50353098,8.67,5.1628871,5.91454506,2.33303547,7.20769680507039,1.94457507,8.17744446,9.71052551,4.01902008,5.07998085,7.17814943720588,4.01207093787815,4.80585632373088,,3.58,4.13650616156541,4.97037319096172,9.07558823,5.15841637622709,6.49,5.95,5.72,,,5.37019396,4.63501215,9.1,4.521595,7.92,4.4643646000749,5.51883602,13.08627224,4.97292917970068,6.52,4.01483774,8.45,1.93,5.16737286793398,7.97,3.58612084,,5.00311899,2.47383666,4.25059652,5.32226658,3.31451917,15.5460263154708,9.83193302,,4.87323856,3.32077932,7.44982004,10.23,8.73,4.45,9.96043968,9.51987362,11.5907935179145,2.23611403,3.68998501171246,2.14016914,7.08092785,4.53500509,4.03,10.86477661,2.29397798,6.29,3.72588583948452,,,9.73,5.82225847,,4.75805433545191,11.9659240705173,,1.599962,4.48,4.79,7.93879843,3.1567537265508,3.68218255,5.61579561,4.21416712,3.15792179,5.02313328,10.76753807,8.87645435,8.0707283,,9.11380386,5.1551384524868,,5.15468157207388,3.90753524785968,6.76036882,4.40932178,7.3,8.54,10.42,8.46997261,,4.46079111,2.52865291,,3.91046357,4.14248803880323,5.05705941205643,4.55412722,3.56825495,5.86,3.24805617,7.13094143706568,6.86541462,5.16737286793397,3.82126665,3.1567537265508,5.15468157207388,4.72197914,6.12299299,4.65,14.10340405,5.0559845,6.6959095,6.82,5.20771270819865,7.94897985,16.13996315,5.26,4.23108053,,,,4.97468519,3.59819388,9.35825133094601,5.38357162,,4.7695322,7.94434404,3.95913363,8.08288383
2012,,6.16826374775289,7.89716864,3.48914056254877,2.39574957,6.15746212,6.71083689,3.8895570410472,3.33596373,9.82726669,9.13,,5.47921467,8.67456913,10.2,3.16,8.63756466,10.50204754,3.07562971,4.60267258,2.3537879,7.54,4.10642147,5.3190918,9.49,5.25,4.36242819,,5.2539444,7.73637724,7.77819967,1.85097206,3.61913681,6.35010576,3.91814446,10.50971508,6.61639436271802,10.14446354,,7.01951313,4.56584787,4.4273715,3.9310236,3.2215035,1.90971065,6.74601603,5.17354631,5.13365459,7.78642321,4.94130483837512,9.29940987,,,6.54,7.62448311,10.85345554,3.299927,5.79509926,10.52,5.04897833,6.00050974,4.33731450813409,4.88594714799451,6.75636272714112,4.95619263112261,9.0445497118377,6.86373377,4.45891809,10.1665483587095,3.7449646,9.15415382,6.09506845,4.5395956,9.92483058601337,4.16465365987584,9.59,3.2655499,11.29740047,,12.27709675,2.42097569,9.95296001,8.05,4.00799608,,3.50398517,4.26872253,5.94134808,1.51459265,8.92415524,5.82235765,,6.07316971,,3.7081871,11.6659610541433,,8.65655136,4.86684020922891,7.68,5.56462336,7.41,5.16253205946362,5.0691835492929,3.81842874399785,3.36283239277969,2.91427088,4.28287017165053,,3.33,,10.59787655,6.12235117,2.69365859,8.18,6.98,8.78,4.88512897,7.81799555,10.67,3.04,5.0180583,8.51,7.26115417,8.69,5.00998354,6.0325017,2.33311439,7.21011875982455,2.07637572,7.00420094,8.15444565,,4.9241581,7.18738326039972,3.93307479979288,4.93026151409772,,3.31,4.21535881906798,5.02742028002837,10.04389858,5.19121180175635,6.28,5.29,5.41,,,5.39619017,4.7558527,9.14,3.9110589,8.67,4.52009537283882,5.66522074,13.03814125,5.02875389497764,6.61,3.7521615,8.38,2.41,5.28868609234808,8.3,3.85800076,,5.24640608,2.64919329,4.21993399,6.02199793,3.45786357,15.5524515320088,9.26659298,,4.30732679,3.35984254,7.48836899,10.54,8.72,4.49,8.84148979,9.65163612,11.720018139171,2.27702832,3.66148232608641,2.20038652,6.74132681,4.73488665,4.18,11.4970541,2.66693544,6.27,3.60430326284943,,,9.65,6.53144598,,4.84072401432143,12.1108132171444,,1.74822152,4.51,4.94,8.10667801,3.20881658883733,3.98779702,5.68827009,4.26688004,3.32783675,4.87480497,8.94355106,8.60625362,8.98883724,,9.32820415,4.98571267081416,,4.98598010579884,3.87226896073222,6.47629499,4.28435707,7.54,8.72,10.74,7.82047606,,5.39592934,3.04719615,,3.8560791,4.33735686278184,5.11285109994668,4.80787134,3.5229404,5.98,3.36840105,7.16297590227858,6.99215221,5.28868609234808,4.79517698,3.20881658883733,4.98598010579885,4.63289499,6.28984737,4.44,13.5962553,5.01779366,6.10853958,7.12,5.25468603105106,8.06757545,16.11969566,5.55,4.45042276,,,,5.00178242,3.9356277,9.37083952704409,4.9883461,,5.19593525,8.00428867,4.04541731,6.91794872
2013,,6.17973350785973,8.80596447,3.60290591544634,2.73282695,6.28286266,6.79964209,4.13535969169904,3.50222182,9.78097916,10.32,,5.50909233,8.75058746,10.29,3.23,8.62834644,10.57661152,2.86880755,5.56331587,2.29574466,7.14,4.30853891,5.59409571,9.45,5.7,4.43660116,,5.57465124,7.9766016,7.39825487,1.898314,3.70787191,6.49913645,4.76660204,10.41174984,6.67307318505209,10.37922478,,7.47552633,4.71490669,3.71773791,3.63111043,3.34057522,1.94347155,7.01724052,5.10299349,5.28994226,7.68229342,5.04311918607594,10.43099499,,,6.93,7.52132368,10.99905777,2.92013574,5.34749842,10.33,4.91598225,6.03576279,4.46903733081414,4.97765555330585,6.51588422496339,4.99226357446669,9.07782220241407,6.88127422,4.6710043,10.2173570807427,4.97097206,9.06397724,6.28062296,4.07506514,9.98298488090158,4.28446076606141,9.81,3.20040679,11.39603043,,12.10208416,2.84087205,9.87251186,7.88,4.59225416,,3.46108699,3.91374874,7.03943443,1.64174569,8.43796444,5.62652922,,5.77188921,,3.80231309,11.6761627807097,,8.47723007,4.95473526430508,6.43,4.10524035,7.23,5.25184645815587,5.16105586425759,3.96329912019011,3.47575514738179,2.86934805,4.47396637474726,,3.75,,10.27730751,5.54722023,2.80868459,8.18,6.96,8.78,4.95443439,7.16592407,10.67,2.66,4.93100405,8.19,7.10386753,9.53,5.04429483,6.15069818,2.48789287,7.35281173915899,2.39984965,7.06795645,7.09007835,,5.04967594,7.34317668190775,4.12012527727286,5.46164481545849,,3.69,4.26629915284629,5.11529693498924,10.99592113,5.30204536711286,6.13,5.24,5.41,,,5.25540543,4.57341814,8.68,3.75156283,8.16,4.55854347377935,5.80923605,13.46883583,5.11104349099488,6.72,3.96750712,8.5,3.2,5.09701429633648,8.47,4.08932018,,6.12585449,2.86799884,4.620821,8.22379494,3.51276922,15.4403949876387,9.06448746,,4.46636009,3.4206934,7.63869238,10.58,8.87,4.63,9.85010052,9.36019325,11.7108151973793,2.5054009,3.8822956577452,2.4017837,6.75967455,4.7487607,4.27,11.97790623,2.99727893,6.48,3.75082140164111,,,9.4,6.0642848,,4.88145310923593,12.1179441466384,,2.07620168,5.22,5.08,6.77649164,3.56769856746936,4.42293596,6.96487474,4.38573599,3.68562651,4.57886171,11.59017754,9.05235958,8.23800278,,9.31232452,4.96613140591102,,4.9655940676044,4.06838432421093,7.93743753,4.48738098,7.5,8.74,10.9,7.45703411,,4.24818325,,,4.06645298,4.46908017113352,5.17481553135117,4.94373512,3.45313334,6.53,3.93541193,7.30504664351529,8.5323782,5.09701429633648,3.9839797,3.56769856746936,4.9655940676044,4.80276918,6.51394987,4.37,14.3384304,4.64643383,5.78252411,6.94,5.33466180982818,8.11897373,15.99170876,5.72,4.24191046,,,,4.41233158,4.39234495,9.34042529134461,6.2147789,,4.96083164,8.10322285,4.57390451,7.10940313
2014,,5.84083929051906,9.52887821,3.58326218736834,2.43412876,6.43451118,6.77308035,4.47686924896666,3.53405499,9.67129993,10.18,,5.87269926,9.83354282,10.37,3.59,7.21081543,10.60909367,2.69111967,5.00027227,2.27915168,7.68,4.41240263,5.53944159,9.49,5.39,4.88208723,,5.89613628,8.39644146,6.96651411,1.91436803,3.55791116,5.8804059,4.56557369,10.25765324,6.59586413493831,10.42800808,,7.84150124,4.77790594,3.7310183,3.78765464,3.72520614,1.97311735,7.18553209,5.23849726,5.32722235,7.66376162,5.07987875599911,12.1412344,,,6.93,7.61248875,11.02588272,2.96726322,5.26141691,10.31,4.79757166,6.54721403,4.55683216872274,4.96627792792357,6.51437392939914,5.02508837658142,9.1834051837704,6.83199883,4.77415323,10.252341273135,4.02524328,9.08488464,6.36199903,4.03365517,10.0077266289228,4.22457955425053,9.78,3.36860466,11.53937244,,11.72290421,2.53282261,9.86246872,7.9,4.01644135,,4.787992,3.05234575,9.96897411,1.75401485,7.89141178,4.77353573,,5.8885684,,3.94755435,11.8540445607148,,7.91455746,4.8842275670239,6.61,4.52035809,7.05,5.29401928114614,5.19081257955611,3.89313375293519,3.39401489240505,2.96433568,4.42014255309285,,3.62,,9.51343918,6.35239553,2.78786659,8.23,7.05,8.87,5.16564465,7.20892906,10.73,2.97,4.91267347,7.36,6.70157766,10.09,4.74668789,6.40432453,2.9159987,7.48900962187987,2.29845548,7.52279758,8.77403069,,4.62420511,7.48735935685543,4.10042890785478,5.42302283263945,,3.47,4.21659503387164,5.1512838216546,9.99930382,5.39678061994656,6.19,5.23,5.46,,,5.41626596,4.44085073,8.63,4.46240282,7.91,4.95335867998444,5.55340958,13.20781231,5.14775562750019,6.29,4.48158312,9.09,4.39,5.45955197471973,8.0,4.20989752,,6.33251858,3.46724391,5.38024664,6.89776182,3.71036959,15.6449146049884,8.4089098,,4.45377159,3.34840417,7.97716141,10.57,9.28,5.08,8.38675785,9.40168381,11.8694806686678,3.13740134,4.06005180429733,2.45603824,7.16729832,4.96445227,3.7,12.12317181,3.27119064,6.43,3.69425382884692,,,9.34,6.62719059,,4.87996146849664,12.3061086814085,,2.42293572,5.03,5.18,6.98844194,3.47083391300265,5.15801096,5.67619705,4.38962269,3.87155652,4.88791895,19.69004631,8.5989418,8.30091763,,9.24598789,4.75006257550424,,4.74994358007265,4.22179885951144,6.73101807,4.52127838,6.88,8.5,10.95,7.25596571,,4.59131193,,,4.27316904,4.55686187176217,5.20891932415467,5.07998943,3.68448091,6.67,4.30969286,7.42656965268215,7.60483742,5.45955197471974,5.00648069,3.47083391300265,4.74994358007266,4.87136698,6.45006084,4.33,14.6935215,4.01492071,5.33653069,7.2,5.39964358814122,8.07319641,16.19919777,4.43,4.17631912,,,,4.69078779,3.64668846,9.44726328518414,6.25431204,,4.8418045,7.87136555,3.82924223,8.13227272
2015,,5.99825627392188,10.10534763,3.80588174835332,2.60579467,6.46411896,6.91586447,4.97708546076049,3.46609354,10.22933674,10.12,,5.27965546,10.18225861,10.37,4.34,6.29022646,10.79745102,2.72813416,5.13192415,2.27217698,7.39,4.97671938,5.16048241,9.24,6.07,4.65365601,,6.55064964,8.90929985,6.83201313,2.38708901,3.75701189,6.10287762,5.03434181,10.73869705,6.51999295443169,10.77887917,,8.3513937,4.93827963,3.2198832,3.59505081,3.74785447,2.45668483,7.52338552,4.60089922,4.82334185,7.59196234,5.46017194887761,12.81401348,,,6.79,7.36897945,11.19047737,3.3475771,5.15941811,10.34,4.72216797,6.96321011,4.7179621046364,5.1262500312273,6.50070273248176,5.02884188462155,9.26523490985324,7.60513353,5.06153202,10.2185020907491,4.45034695,9.12207508,6.64135027,3.82316828,9.9579458032239,4.45252803470825,9.65,3.32468939,11.44817352,,12.46286297,2.65743947,9.79776669,7.42,4.5429678,,5.80919266,3.1761291,8.13228226,2.34058356,8.22004509,4.64675617,,6.00602007,,4.02264786,12.2466937607543,,7.4837904,4.98601054933017,6.69,5.07518148,6.85,5.39028903411092,5.28152253956436,3.95782627975493,3.46965314592603,2.92428517,4.44579002621433,,3.6,,7.33597517,7.53311825,3.15587044,8.07,7.02,8.86,5.62470436,7.4609561,10.75,3.04,4.76439571,7.15,6.19431591,8.11,5.11798382,6.58926058,4.21497965,7.84607889830198,2.45366454,7.41596651,10.46927643,,4.51419878,7.84500423764861,4.20952440302423,5.32413049261141,,3.68,4.32030353486002,5.24718585981257,9.2965641,5.45930037191092,6.49,5.08,5.65,,,5.10435581,4.31544638,8.56,5.0062542,8.73,5.51640256362597,5.72277355,15.33984375,5.24613149803524,6.34,4.11143351,8.9,5.48,5.97032696646636,9.02,4.23154545,,6.71663332,3.67363763,5.55042362,6.62879086,3.82201481,16.0375473021923,9.98109627,,5.34745932,3.58194995,7.96303272,10.32,10.07,5.47,14.00562382,9.28344345,12.2336176639854,4.07826233,4.93612360729172,2.45764351,7.18962574,4.96122217,3.9,11.33741093,1.81881714,6.4,3.9609202227077,,,9.32,6.69165802,,4.92742710187534,12.6932834961757,,3.63581347,4.94,5.3,6.65446424,3.45243449798002,5.86202002,5.81112576,4.37789631,4.18069839,4.44578695,19.65816307,8.75833225,8.43315315,,8.81319809,4.97424622213986,,4.97373835031837,5.02316584859831,5.34009647,5.80808163,6.76,8.5,10.8,7.05855274,,4.37339973,,,4.52395248,4.71802133560742,5.22846296343847,4.95647097,3.8522861,6.91,5.11721087,7.76463213621703,7.67216587,5.97032696646637,4.47327423,3.45243449798002,4.97373835031837,5.65026045,6.21339941,4.12,13.52732944,3.64969945,5.0745697,7.78,5.50576660594713,8.29225731,16.49056816,4.74,4.11412001,,,,4.71140909,4.32168293,9.72403373374454,6.21226454,,4.25285673,8.05304241,4.42974281,7.44982719
2016,,6.09820528339229,11.81859016,3.79649895988869,2.71314979,6.7293272,6.90521765,5.26186582012739,3.89580107,9.85558891,9.95,,5.12190151,10.09288597,10.35,4.42,7.06148243,10.79354668,2.79549599,5.96067238,2.38938212,7.46,4.86051178,5.68248844,9.14,5.91,4.76508141,,6.83333063,9.16901493,6.83736086,2.54828691,3.57613945,5.76837635,5.44402313,11.0319252,6.67697410704795,10.9900341,,8.55767059,4.97955608,3.32101274,3.5937767,4.20027828,2.77497125,7.53117037,4.65263557,4.84606647,7.31724358,5.83207074740771,12.2177515,,,6.65,7.44554329,11.241889,2.7416594,5.12308073,10.25,4.57663107,6.58904791,4.75414195229662,5.04541582078077,6.58107808009872,5.11773347267868,9.30932265586485,7.41604376,5.07462406,10.1889423022279,3.6608541,8.94727325,6.70240974,3.60033751,9.94591032130725,4.77953212743448,9.38,3.27979708,11.47060013,,13.13244915,3.1076982,9.72899723,8.0,3.39035821,,5.39694929,3.19523716,8.32881451,2.8594172,8.44874668,4.43910027,,6.07008219,,4.01842117,12.4116772733877,,7.709445,4.92531582210249,6.73,4.80760574,6.99,5.41507920222513,5.30341282195019,3.91725245107561,3.53148742815257,3.02147198,4.26277161583684,,3.5,,7.46859169,7.99202633,4.58949184,8.1,7.1,8.73,5.70102215,6.97644138,10.66,3.42,4.75429106,6.41,6.11648464,10.47,5.42126036,6.87049913,4.73096323,7.86989675039501,2.36087489,7.92386055,9.90062618,,4.44803333,7.89046797008664,4.13421928375124,5.48786783470734,,3.62,4.31912823314719,5.26030883182508,9.24261093,5.5443549684932,6.64,5.07,6.13,,,5.09203386,4.12037039,7.54,5.33248854,10.31,5.8681808193509,5.55345821,15.73866177,5.25764337641654,6.38,3.77377558,8.97,5.11,6.36766141517098,8.63,4.58008575,,7.28134441,3.09630585,5.54289532,7.72703791,3.70085335,16.3661775512425,9.3223238,,4.53239059,3.64773679,8.04877567,10.06,10.53,5.42,10.99060059,9.24379444,12.3973477425034,4.17580843,5.0094730213195,2.57026362,7.35213518,4.95967245,3.95,11.62825298,2.33063054,6.59,4.30150822512893,,,9.39,6.67556572,,4.8421922732045,12.8409746446019,,3.54971433,5.08,5.29,6.96060848,3.38454514751918,6.24143076,5.68438482,4.25606871,4.38810682,4.40253973,15.78850651,8.71456337,8.4219532,,8.45890999,5.04195955469833,,5.04188141625078,5.13697178123618,6.43088865,5.99283743,7.09,8.46,10.85,6.82044792,,4.96118879,,,4.73396969,4.75418668874258,5.33896879604516,6.59755707,3.93900609,6.96,5.74498892,7.8146159518288,6.89625168,6.36766141517098,4.81820822,3.38454514751918,5.04188141625078,6.50998688,6.24778175,4.28,18.61886597,3.96350336,4.96169233,7.55,5.53336724564739,8.67535782,16.80215836,4.72,4.09573793,,,,4.86994743,2.93130064,9.85941894881052,5.63365221,,,8.07959366,4.46923161,7.46644735
2017,,5.95407620343785,12.62081718,3.81679860178499,2.79383755,6.57848787,7.07142639,5.16164421869481,4.00854969,10.23174763,10.36,,4.87493944,10.12281322,10.38,4.07,6.95275736,10.79855728,2.66813827,6.02490044,2.36720181,7.49,4.51235676,6.70352888,8.82,5.76,4.61620188,,6.4901948,9.47124863,6.65253401,2.27022862,3.3407371,6.62986994,6.66541576,10.90631104,6.60488418080765,11.0451622,,9.090518,5.06592178,3.24693036,3.39752436,4.00057793,2.52240992,7.67864323,5.26807451,5.2683692,7.04522991,6.07344676050137,11.47197342,,,6.62,7.38071585,11.33617592,2.46857476,5.46245432,10.1,4.49336958,6.53307724,4.8190520915379,4.88717144841296,6.54077751011494,5.12526782433414,9.21986078300835,7.53717899,5.34661913,10.1589859045903,3.98912001,8.94491291,6.59727097,3.45336914,9.897897818143,4.74388309498031,9.13,3.18689561,11.35469437,,12.1958313,2.78068876,9.5958786,7.06,3.73087549,,3.91512918,3.35449266,7.00049543,2.74714279,8.13515854,4.65701056,,6.13563824,,4.3191123,12.354810168217,,7.00668859,4.79629930736191,6.66,3.8199389,6.74,5.43283706836336,5.32127563643194,3.84483014450085,3.49162484027018,2.90417194,4.13175664612543,,2.94,,7.12621927,7.83454609,4.04064989,8.26,7.18,8.68,6.14859295,7.10953665,10.66,3.05,3.98597503,6.19,5.65125847,11.46,5.26021719,7.04742336,4.65326786,8.05200502747766,2.52606821,7.80396605,10.47271252,,4.37286377,8.09106054263288,3.99194820535917,5.32719500078321,,3.33,4.03697088822979,5.26899380993612,10.57480335,5.64309717324915,6.48,5.14,5.97,,,4.98920393,4.15852404,7.13,4.80225992,9.27,5.79812087870846,5.45759058,14.38502884,5.26833871777441,6.44,3.67425752,8.73,5.08,6.3512964306185,7.98,4.33954334,,7.83763266,3.31550789,5.61408615,7.58438921,3.71472311,16.3099431314508,8.72573948,,5.57609606,3.74762511,8.32754421,10.11,10.23,4.72,11.4886446,8.96694851,12.3530761979322,3.95418668,4.87211939263025,2.7863009,7.42582321,4.8808279,3.96,12.52633381,2.22970986,6.58,4.16388821956559,,,9.31,6.60902548,,4.68180753283426,12.7994357211729,,3.21237087,5.19,5.36,6.38999748,2.96360364417928,6.03126049,5.91767406,4.16359377,4.36493397,4.14992523,9.3997612,8.42286873,8.25972271,,8.22039318,5.04476980833764,15.9569149,5.04450566329602,5.05149641830124,6.46181059,5.32285929,6.76,8.18,10.79,6.98103714,,4.76658726,,,4.64740467,4.81910116425177,5.34639594706196,6.49392271,3.85276842,6.85,5.93897438,8.03438280161678,6.75752544,6.3512964306185,4.85577822,2.96360364417928,5.04450566329602,6.57946634,6.18557453,4.18,24.28305244,4.08257437,3.99788952,7.44,5.62022165908104,8.82179642,16.76750183,4.84,4.22985649,,,,4.99014759,2.76285458,9.74546674294998,5.16120243,,,7.97711229,4.78156233,6.36358309
2018,,5.8095025119235,14.20841885,3.43009398246049,2.58879566,6.66844559,7.37541723,4.84718019786716,4.09854221,10.29146862,10.01,,4.84869289,10.05971909,10.35,3.84,7.29396152,10.86148262,2.88632059,5.0057807,2.31622243,7.33,4.12745667,5.98263836,8.76,5.53,4.74657917,,6.60399437,9.46475029,6.45336485,2.41289377,3.2427721,6.04010344,10.99657822,10.90542507,6.55211146413891,10.77226162,,9.22575188,5.16790485,3.0916779,3.61970162,3.24127173,1.8976357,7.62541437,4.90318584,4.73804712,7.28587723,5.99185498521704,11.0184288,,,6.83,7.47048092,11.48051548,2.33968735,6.18495989,10.1,4.12601566,6.38729763,4.91805248134805,4.70196288159932,6.55704616013111,5.14703125453903,9.24199062259949,7.82609653,4.74892998,10.1490663926609,4.12701797,8.99686718,6.6912818,3.30371761,9.87423914844968,4.44277411762907,9.05,4.10572624,11.20798969,,11.65710258,2.74500418,9.73079777,7.11,3.80673027,,3.73843002,3.34384227,7.28130722,2.85223937,8.12024307,4.58373737,,6.10662699,,4.90492535,12.2662548182054,,7.22820663,4.64818773626588,6.75,4.31650305,6.58,5.39155389340894,5.26904740520576,3.67062724596862,3.24722633135456,2.86757827,4.02272512781057,,2.86,,6.49550152,7.73915195,4.12989378,8.38,7.23,8.68,5.96798849,6.98295021,10.74,2.82,4.09903383,5.01,6.06630135,12.97,4.89200258,7.49119806,5.18862629,7.89788209569416,2.24630332,8.07092381,10.35222721,,4.18686533,7.96828206330697,3.83448968174878,4.99332562193037,,3.64,3.84322826058781,5.21113475052076,11.114995,5.6234056849743,6.53,5.28,6.19,,,4.94516659,4.03953457,6.71,4.22846937,7.44,5.41864610499062,5.38345814,15.26284122,5.21355408493558,6.46,3.73249912,8.55,4.9,5.91790152628796,8.34,4.53449297,,8.0889616,3.17838526,5.63982916,6.87366676,3.75944281,16.1859391512323,8.31648731,,5.30310822,3.09069347,8.4993515,10.02,9.96,4.53,11.10239792,9.0351162,12.3153149367328,3.21469474,4.67675046834232,2.82844949,7.87820292,5.15967131,3.95,12.85856915,2.30051899,6.31,3.86647126228269,,,9.41,6.74497652,,5.13113122673218,12.7468092768104,,2.96176219,5.52,5.36,6.69894743,2.90912814068084,5.34063101,4.46358299,4.43182087,4.07545424,3.77378345,8.28987598,8.322752,8.2778492,,8.53168106,4.77463278837397,10.05615997,4.77478544595601,4.87566552881824,5.50957823,6.68795872,6.67,8.28,10.94,6.62469387,,4.94443846,,,4.56768799,4.91810122555559,5.36183058544809,6.08894634,3.87040329,7.01,5.69395018,7.91622576204825,6.36952639,5.91790152628796,4.80628061,2.90912814068084,4.77478544595601,6.5323596,5.9375186,4.12,18.64067841,4.16191673,4.02080536,7.52,5.58680673167559,9.01452351,16.62964439,5.08,4.25346231,2.41691327,,,5.02678823,3.31753612,9.66974443929977,4.77439356,,,8.08820343,4.76996708,4.67039156
2019,,5.83017560974386,14.83131981,3.41709124084655,2.47517991,6.86214113,7.323246,4.94688421078563,4.38618946,10.04194355,11.38,,4.37567186,10.21965981,10.49,4.18,9.05010796,10.79477787,2.50914454,5.31868935,2.25762248,7.09,3.95980334,5.82275152,8.93,5.86,4.81374073,,6.88792992,9.61449146,6.20015001,2.19410944,3.60361075,6.12193203,7.76124763,11.00887775,6.66315003271341,11.06363678,,9.36262131,5.3502779,3.21496511,3.65157914,3.508039,2.54176092,7.77954912,5.18044472,4.56319857,7.22124958,6.14900788801767,11.08496857,,,7.07,7.60336018,11.71550655,2.16640544,5.16903925,10.15,4.23948717,5.86751413,5.06628278675969,4.63905797908164,6.73003078201219,5.38403015270619,9.34356667558457,7.77070522,4.5994668,10.2310654773978,4.58734369,9.1456852,6.81699181,3.23382378,9.93673782782615,4.37958375621358,9.17,4.25136137,11.0888586,,11.2604599,2.76836324,9.95761967,6.66,4.29847813,,4.08876228,3.158566,7.16052532,3.16833544,8.19811249,4.93189621,,6.17457819,,4.90331507,12.4722387098905,,7.30497599,4.74393811230163,6.8,3.91107917,6.28,5.46606800906586,5.33809627352462,3.6931859172704,3.24243694389713,2.87862897,4.05661036096093,,2.95,,6.7090106,6.27398872,4.25509405,8.58,7.17,8.66,6.09761,6.99518251,10.97,2.79,4.36874676,4.49,6.84972715,12.59,5.18704271,8.17479515,5.35958719,7.89226227258792,2.60312223,8.6936779,8.42100334,,4.19073772,7.97903212754796,3.82493762661877,4.93711756290825,,3.9,3.78971287509265,5.27933185344586,11.94662285,5.78016477211468,6.99,5.47,6.61,,,4.99129868,3.87725186,6.5,3.10129309,7.66,5.34875146437873,5.44796371,14.82552052,5.28328320850381,7.07,3.82943797,9.15,4.71,5.40787539894529,8.33,4.49497843,,7.95272589,3.30148649,6.02485895,7.15010023,3.83991051,16.2392434264463,8.43033981,,5.66642094,2.98547053,8.56945896,10.14,10.44,4.45,11.55542469,9.49310207,12.5105776563952,3.80648994,4.86443775498458,2.84736943,8.46795654,5.17916393,4.17,13.40278435,2.3253386,6.46,3.89792541061856,,,9.51,7.16081905,,5.37840603181361,12.9451945807737,,3.20278597,5.71,5.65,6.34386826,2.98057200041176,5.46742678,4.57422638,4.49531031,4.39938164,4.32405567,9.12992668,8.80846119,8.14801598,,8.66552734,4.7341413341182,9.03740788,4.73417406209954,5.06493006559168,5.29584646,8.70230103,6.92,8.5,10.83,7.15369368,,4.77020788,,,4.59277868,5.06633002858142,5.57920182553614,5.726192,3.78911877,6.95,5.68183947,7.92390360546183,6.02679253,5.40787539894529,4.75078154,2.98057200041176,4.73417406209954,6.83128405,6.02461243,4.37,22.41327286,3.88136053,3.79834843,7.09,5.69892050841205,9.39027691,16.66580582,5.43,4.25543451,2.18563724,,,4.97407484,3.31453276,9.7994630282314,5.63886738,,,8.24418926,6.75332499,3.23280239
2020,,5.88169787981974,15.53361416,3.83811186189736,3.22070646,7.51920271,8.78673935,5.74677236446336,5.82477045,10.34701538,12.24,,5.92146206,10.6837368,11.39,5.85,10.71837234,11.19751263,2.46970391,6.50193262,2.27063942,8.48,4.71684837,7.64700842,9.7,6.41,5.30974436,,8.0225811,10.18235016,7.37276554,2.39334464,4.36274862,6.1213398,8.98538017,13.0351181,7.26488812849928,11.73206806,,9.72726822,5.59359741,3.62587261,3.77177453,4.05092573,4.39382887,8.71432114,5.86521959,6.12421703,7.8254571,6.92540500400299,12.48639679,,,8.41,9.2136879,12.69255257,2.15048313,5.99901152,10.56,4.93998051,6.14268684,5.35211028501446,5.03650167294251,6.95055644875402,6.6244103265292,10.4981497307334,8.35889626,4.15384626,11.2362993640663,4.15886974,10.74565983,7.57906532,3.48096275,10.8723390888899,4.86675342470283,9.63,4.76918268,12.13096142,,10.84531593,3.41300368,12.15863419,8.43,4.01752424,,3.876436,3.72824287,9.02139282,3.89984655,9.50363827,5.55900049,,6.46693325,,5.50584173,13.8935129199146,,9.03509808,4.92956361935408,7.72,3.22171092,7.29,5.83003165755037,5.6881313968083,3.90352434411578,3.59292391299842,3.42067289,4.13285647499353,,3.34,,7.1091466,5.40149546,6.17485046,9.61,7.71,9.63,6.62580395,7.03820276,11.0,3.75,4.47622252,5.26,7.11156559,16.99,5.65951824,8.3497715,6.34761143,8.5111003461289,2.05965185,7.57650805,16.96832657,,6.79121685,8.60463265045906,3.91921284619739,5.27157917970552,,4.02,4.00012323244689,5.63780024157312,10.27927017,6.13808977636973,7.48,5.74,7.25,,,5.83834505,4.27983093,7.0,3.72316122,11.35,6.03964641112664,6.22204065,12.58777618,5.64227707157691,7.73,3.47597885,10.74,4.62,5.4202467868379,11.42,4.6662488,,7.56957626,3.38773394,6.48210192,7.0088768,4.08395433,18.339232943472,8.90162563,,6.17012262,3.38063431,8.65219975,11.21,11.42,5.21,12.68183994,10.07205391,13.9046924321592,5.25332022,5.70923872712951,2.95273018,10.8049345,6.28521156,5.16,14.34041405,2.30193973,6.5,4.45318723396177,,,10.55,7.67533064,,5.98716121526101,14.3892323201338,,3.81872201,6.23,7.57,7.47530079,3.30542755876573,6.64629889,3.01518917,5.15119171,5.71281767,4.79699087,9.32588673,9.08151054,8.48147392,,8.70042133,4.9340977666364,9.44806385,4.93521726731738,5.89155766975603,7.30042553,6.84054422,7.13,9.43,11.33,6.59767151,,6.54135609,,,5.53655243,5.35216261085094,6.59603863501682,6.03786469,4.35728741,8.18,5.68472815,8.51205574856684,9.96385956,5.4202467868379,5.33435154,3.30542755876573,4.93521726731738,7.53854179,7.05024958,4.62,18.86140633,2.93978429,4.30198574,7.56,6.09726443742077,9.13688469,18.75621986,6.75,4.8395834,4.08657551,,,4.30061865,3.99482441,10.8446006156027,6.18895578,,,8.57258797,6.31619787,2.95440149
2021,,5.86560127952123,21.82794952,4.14148377327331,2.96010613,7.26731825,8.33449364,5.32532539535481,5.30695152,9.70880699,12.34,,5.85133028,10.54363918,12.1,4.7,9.10190964,11.04290771,2.58129549,6.37691164,2.36492991,8.56,4.26834059,7.13872051,9.56,6.57,4.98043823,,8.15972805,9.89072323,8.09043312,2.20486665,3.84550023,6.30929565,9.06853294,12.3341074,7.44192383369251,11.80107975,,9.34327984,5.38360548,3.13269377,3.82407379,3.7859261,3.87537813,9.01772404,6.33513117,6.90378904,7.56881428,6.70316203094473,13.78727818,,,9.43,9.4887867,12.93412971,2.87667227,6.50494003,10.82,4.91815567,5.5283432,5.25988011948627,5.04027712816574,6.76215802446293,6.62940985822783,10.5297799652282,8.28661728,4.60955143,11.3213839600475,4.15077114,10.74003887,7.49057293,3.20824432,10.9503307456503,5.16399368204229,10.25,5.38085365,12.30787277,,10.96059132,2.70633149,12.36469936,8.42,4.15176868,,3.75556707,3.18962693,8.2233429,3.40450907,9.17298794,5.6984539,,6.9008255,,4.94385052,13.2958304826637,,9.16101742,4.93781832916035,8.1,3.47919273,7.38,5.72449543033053,5.61423302567219,4.10549616436906,3.93997149821455,3.70636249,4.22828224975086,,3.28,,6.71662664,5.77013779,5.24727583,9.73,7.9,9.38,7.18521214,7.28875065,10.82,3.92,4.54763126,5.44,7.53223085,14.81,6.1634655,9.33145523,5.78120756,8.20787884422855,2.74392009,10.06154442,16.6163311,,6.2111187,8.29832364369476,4.01240479459087,5.25214410429806,,4.07,4.15523205648134,5.53996984721882,10.21370411,5.96567143278294,7.82,5.67,9.04,,,5.73834944,3.68486166,7.75,3.5045228,10.03,5.7649325026839,6.07868719,12.54863834,5.54318172484396,8.52,4.47341442,10.58,5.63,5.46682069206784,10.55,6.911304,,9.05218315,4.12218571,6.39258909,7.41194487,4.38380671,16.9639313694573,9.38092136,,5.81452751,4.07625723,9.68343163,11.29,10.08,5.42,13.06414223,10.04858398,13.3341526992714,4.37028217,5.29884452318507,2.91131568,9.68179989,6.15173197,5.87,16.38419533,2.32032132,6.44,4.5526778647436,,,11.14,8.03277016,,6.48423546098731,13.8059323211805,,2.89366841,6.48,7.39,7.32305002,3.26553099896578,5.96836901,2.83633852,4.35098124,5.56525183,4.76345396,8.55334282,9.71643353,7.97527838,,10.0125246,5.10432773760222,5.86061621,5.10443198030666,5.51656520012674,7.82528496,5.6838975,7.75,9.48,11.25,7.03582335,,5.25937986,,,5.19022274,5.25993469100339,6.61417931420753,5.55532026,5.16038752,8.01,5.56931353,8.30118914304268,11.43839264,5.46682069206784,6.27256584,3.26553099896577,5.10443198030666,7.0194726,6.97273922,4.57,19.96582222,3.36136484,4.67196703,8.01,5.91542916446658,9.3592062,17.3625679,7.74,5.36252117,4.03775549,,,4.59346437,4.3733778,10.3369426217863,6.80313492,,,8.27309132,6.62416458,2.78975058
2022,,,,,,,,,,,,,,,,,,,,,,,,,,,,,,,,,,,,11.15471363,,,,9.00162983,,,,,,,,,,,,,,,,12.65471077,,,9.5,,,,,,,,,,,,,6.94306278,,,,,,,,,,11.34454918,7.37,,,,,,,,,,,,,,,,,,,,,,,,,,,,,6.07060957,,,8.57,,9.0,,,,,,,,,,9.72047997,,,,,,,,,,,,,,,,,7.46,5.46,,,,,,,,,,,,,,,,,,,,,,,,,,16.1469836529304,,,,,,,8.14,,,,,,,,,,5.1,,,6.68,,,,10.62,,,,,,,,,,,,,,,,,,,,,,,,,,,,8.85,10.67,,,,,,,,,,,,,,,,,,,,,,,,,,,,16.57115173,,,,,,,,,,,,,,
2023,,,,,,,,,,,,,,,,,,,,,,,,,,,,,,,,,,,,,,,,,,,,,,,,,,,,,,,,,,,,,,,,,,,,,,,,,,,,,,,,,,,,,,,,,,,,,,,,,,,,,,,,,,,,,,,,,,,,,,,,,,,,,,,,,,,,,,,,,,,,,,,,,,,,,,,,,,,,,,,,,,,,,,,,,,,,,,,,,,,,,,,,,,,,,,,,,,,,,,,,,,,,,,,,,,,,,,,,,,,,,,,,,,,,,,,,,,,,,,,,,,,,,,,,,,,,,,,,,,,,,,,,,,
Unnamed: 68,,,,,,,,,,,,,,,,,,,,,,,,,,,,,,,,,,,,,,,,,,,,,,,,,,,,,,,,,,,,,,,,,,,,,,,,,,,,,,,,,,,,,,,,,,,,,,,,,,,,,,,,,,,,,,,,,,,,,,,,,,,,,,,,,,,,,,,,,,,,,,,,,,,,,,,,,,,,,,,,,,,,,,,,,,,,,,,,,,,,,,,,,,,,,,,,,,,,,,,,,,,,,,,,,,,,,,,,,,,,,,,,,,,,,,,,,,,,,,,,,,,,,,,,,,,,,,,,,,,,,,,,,,
